2025-12-28 21:44:51,146 [Worker-6: Loading available Gradle versions] INFO  o.e.b.c.i.u.g.PublishedGradleVersions - Gradle version information cache is up-to-date. Trying to read.
2025-12-28 21:45:16,603 [Worker-9: Importing Maven projects] INFO  o.e.m.c.i.l.LifecycleMappingFactory - Using org.eclipse.m2e.jdt.JarLifecycleMapping lifecycle mapping for MavenProject: kodlamaio:northwind:0.0.1-SNAPSHOT @ C:\Users\fatmagül\Desktop\Alisveris-Sitesi---backend-main\Alisveris-Sitesi---backend-main\pom.xml.
2025-12-28 21:45:18,133 [Worker-9: Importing Maven projects] INFO  o.e.m.j.i.AbstractJavaProjectConfigurator - Adding source folder /Alisveris-Sitesi---backend-main/src/main/java
2025-12-28 21:45:18,136 [Worker-9: Importing Maven projects] INFO  o.e.m.j.i.AbstractJavaProjectConfigurator - Adding resource folder /Alisveris-Sitesi---backend-main/src/main/resources
2025-12-28 21:45:18,161 [Worker-9: Importing Maven projects] INFO  o.e.m.j.i.AbstractJavaProjectConfigurator - Adding resource folder /Alisveris-Sitesi---backend-main/src/main/resources
2025-12-28 21:45:18,168 [Worker-9: Importing Maven projects] INFO  o.e.m.j.i.AbstractJavaProjectConfigurator - Adding source folder /Alisveris-Sitesi---backend-main/src/test/java
2025-12-28 21:45:18,170 [Worker-9: Importing Maven projects] INFO  o.e.m.j.i.AbstractJavaProjectConfigurator - Adding resource folder /Alisveris-Sitesi---backend-main/src/test/resources
2025-12-28 21:45:18,981 [Worker-9: Importing Maven projects] INFO  o.e.m.c.i.p.ProjectConfigurationManager - Imported and configured 1 project(s) in 5 sec
2025-12-28 21:45:21,293 [Worker-11: Building] INFO  o.a.m.s.f.DefaultMavenResourcesFiltering - Copying 1 resource from src\main\resources to target\classes
2025-12-28 21:45:21,318 [Worker-11: Building] INFO  o.a.m.s.f.DefaultMavenResourcesFiltering - Copying 0 resource from src\main\resources to target\classes
2025-12-28 21:45:21,326 [Worker-11: Building] INFO  o.a.m.s.f.DefaultMavenResourcesFiltering - skip non existing resourceDirectory C:\Users\fatmagül\Desktop\Alisveris-Sitesi---backend-main\Alisveris-Sitesi---backend-main\src\test\resources
2025-12-28 21:55:13,476 [Worker-22: Building] INFO  o.a.m.s.f.DefaultMavenResourcesFiltering - Copying 1 resource from src\main\resources to target\classes
2025-12-28 21:55:13,485 [Worker-22: Building] INFO  o.a.m.s.f.DefaultMavenResourcesFiltering - Copying 0 resource from src\main\resources to target\classes
2025-12-28 21:55:13,491 [Worker-22: Building] INFO  o.a.m.s.f.DefaultMavenResourcesFiltering - skip non existing resourceDirectory C:\Users\fatmagül\Desktop\Alisveris-Sitesi---backend-main\Alisveris-Sitesi---backend-main\src\test\resources
2025-12-28 21:55:26,272 [Worker-22: Building] INFO  o.a.m.s.f.DefaultMavenResourcesFiltering - Copying 1 resource from src\main\resources to target\classes
2025-12-28 21:55:26,279 [Worker-22: Building] INFO  o.a.m.s.f.DefaultMavenResourcesFiltering - Copying 0 resource from src\main\resources to target\classes
2025-12-28 21:55:26,284 [Worker-22: Building] INFO  o.a.m.s.f.DefaultMavenResourcesFiltering - skip non existing resourceDirectory C:\Users\fatmagül\Desktop\Alisveris-Sitesi---backend-main\Alisveris-Sitesi---backend-main\src\test\resources
2025-12-28 21:59:25,692 [Worker-21: Building] INFO  o.a.m.s.f.DefaultMavenResourcesFiltering - Copying 1 resource from src\main\resources to target\classes
2025-12-28 21:59:25,702 [Worker-21: Building] INFO  o.a.m.s.f.DefaultMavenResourcesFiltering - Copying 0 resource from src\main\resources to target\classes
2025-12-28 21:59:25,707 [Worker-21: Building] INFO  o.a.m.s.f.DefaultMavenResourcesFiltering - skip non existing resourceDirectory C:\Users\fatmagül\Desktop\Alisveris-Sitesi---backend-main\Alisveris-Sitesi---backend-main\src\test\resources
2025-12-28 22:23:03,955 [Worker-12: Building] INFO  o.a.m.s.f.DefaultMavenResourcesFiltering - Copying 1 resource from src\main\resources to target\classes
2025-12-28 22:23:03,961 [Worker-12: Building] INFO  o.a.m.s.f.DefaultMavenResourcesFiltering - Copying 0 resource from src\main\resources to target\classes
2025-12-28 22:23:03,966 [Worker-12: Building] INFO  o.a.m.s.f.DefaultMavenResourcesFiltering - skip non existing resourceDirectory C:\Users\fatmagül\Desktop\Alisveris-Sitesi---backend-main\Alisveris-Sitesi---backend-main\src\test\resources
2025-12-28 22:23:23,485 [Worker-26: Building] INFO  o.a.m.s.f.DefaultMavenResourcesFiltering - Copying 1 resource from src\main\resources to target\classes
2025-12-28 22:23:23,490 [Worker-26: Building] INFO  o.a.m.s.f.DefaultMavenResourcesFiltering - Copying 0 resource from src\main\resources to target\classes
2025-12-28 22:23:23,494 [Worker-26: Building] INFO  o.a.m.s.f.DefaultMavenResourcesFiltering - skip non existing resourceDirectory C:\Users\fatmagül\Desktop\Alisveris-Sitesi---backend-main\Alisveris-Sitesi---backend-main\src\test\resources
2025-12-28 22:23:42,184 [Worker-26: Building] INFO  o.a.m.s.f.DefaultMavenResourcesFiltering - Copying 1 resource from src\main\resources to target\classes
2025-12-28 22:23:42,198 [Worker-26: Building] INFO  o.a.m.s.f.DefaultMavenResourcesFiltering - Copying 0 resource from src\main\resources to target\classes
2025-12-28 22:23:42,202 [Worker-26: Building] INFO  o.a.m.s.f.DefaultMavenResourcesFiltering - skip non existing resourceDirectory C:\Users\fatmagül\Desktop\Alisveris-Sitesi---backend-main\Alisveris-Sitesi---backend-main\src\test\resources
2025-12-28 22:23:55,720 [Worker-27: Building] INFO  o.a.m.s.f.DefaultMavenResourcesFiltering - Copying 1 resource from src\main\resources to target\classes
2025-12-28 22:23:55,739 [Worker-27: Building] INFO  o.a.m.s.f.DefaultMavenResourcesFiltering - Copying 0 resource from src\main\resources to target\classes
2025-12-28 22:23:55,744 [Worker-27: Building] INFO  o.a.m.s.f.DefaultMavenResourcesFiltering - skip non existing resourceDirectory C:\Users\fatmagül\Desktop\Alisveris-Sitesi---backend-main\Alisveris-Sitesi---backend-main\src\test\resources
2025-12-28 22:27:09,168 [Worker-27: Building] INFO  o.a.m.s.f.DefaultMavenResourcesFiltering - Copying 1 resource from src\main\resources to target\classes
2025-12-28 22:27:09,174 [Worker-27: Building] INFO  o.a.m.s.f.DefaultMavenResourcesFiltering - Copying 0 resource from src\main\resources to target\classes
2025-12-28 22:27:09,178 [Worker-27: Building] INFO  o.a.m.s.f.DefaultMavenResourcesFiltering - skip non existing resourceDirectory C:\Users\fatmagül\Desktop\Alisveris-Sitesi---backend-main\Alisveris-Sitesi---backend-main\src\test\resources
2025-12-28 22:27:52,228 [Worker-26: Building] INFO  o.a.m.s.f.DefaultMavenResourcesFiltering - Copying 1 resource from src\main\resources to target\classes
2025-12-28 22:27:52,233 [Worker-26: Building] INFO  o.a.m.s.f.DefaultMavenResourcesFiltering - Copying 0 resource from src\main\resources to target\classes
2025-12-28 22:27:52,237 [Worker-26: Building] INFO  o.a.m.s.f.DefaultMavenResourcesFiltering - skip non existing resourceDirectory C:\Users\fatmagül\Desktop\Alisveris-Sitesi---backend-main\Alisveris-Sitesi---backend-main\src\test\resources
2025-12-28 22:30:24,422 [Worker-12: Building] INFO  o.a.m.s.f.DefaultMavenResourcesFiltering - Copying 1 resource from src\main\resources to target\classes
2025-12-28 22:30:24,439 [Worker-12: Building] INFO  o.a.m.s.f.DefaultMavenResourcesFiltering - Copying 0 resource from src\main\resources to target\classes
2025-12-28 22:30:24,443 [Worker-12: Building] INFO  o.a.m.s.f.DefaultMavenResourcesFiltering - skip non existing resourceDirectory C:\Users\fatmagül\Desktop\Alisveris-Sitesi---backend-main\Alisveris-Sitesi---backend-main\src\test\resources
2025-12-28 22:30:41,376 [Worker-0: Building] INFO  o.a.m.s.f.DefaultMavenResourcesFiltering - Copying 1 resource from src\main\resources to target\classes
2025-12-28 22:30:41,404 [Worker-0: Building] INFO  o.a.m.s.f.DefaultMavenResourcesFiltering - Copying 0 resource from src\main\resources to target\classes
2025-12-28 22:30:41,408 [Worker-0: Building] INFO  o.a.m.s.f.DefaultMavenResourcesFiltering - skip non existing resourceDirectory C:\Users\fatmagül\Desktop\Alisveris-Sitesi---backend-main\Alisveris-Sitesi---backend-main\src\test\resources
2025-12-28 22:31:01,969 [Worker-29: Building] INFO  o.a.m.s.f.DefaultMavenResourcesFiltering - Copying 1 resource from src\main\resources to target\classes
2025-12-28 22:31:01,982 [Worker-29: Building] INFO  o.a.m.s.f.DefaultMavenResourcesFiltering - Copying 0 resource from src\main\resources to target\classes
2025-12-28 22:31:01,985 [Worker-29: Building] INFO  o.a.m.s.f.DefaultMavenResourcesFiltering - skip non existing resourceDirectory C:\Users\fatmagül\Desktop\Alisveris-Sitesi---backend-main\Alisveris-Sitesi---backend-main\src\test\resources
2025-12-28 22:37:10,740 [Worker-27: Building] INFO  o.a.m.s.f.DefaultMavenResourcesFiltering - Copying 1 resource from src\main\resources to target\classes
2025-12-28 22:37:10,759 [Worker-27: Building] INFO  o.a.m.s.f.DefaultMavenResourcesFiltering - Copying 0 resource from src\main\resources to target\classes
2025-12-28 22:37:10,763 [Worker-27: Building] INFO  o.a.m.s.f.DefaultMavenResourcesFiltering - skip non existing resourceDirectory C:\Users\fatmagül\Desktop\Alisveris-Sitesi---backend-main\Alisveris-Sitesi---backend-main\src\test\resources
2025-12-28 22:38:04,679 [Worker-26: Building] INFO  o.a.m.s.f.DefaultMavenResourcesFiltering - Copying 1 resource from src\main\resources to target\classes
2025-12-28 22:38:04,703 [Worker-26: Building] INFO  o.a.m.s.f.DefaultMavenResourcesFiltering - Copying 0 resource from src\main\resources to target\classes
2025-12-28 22:38:04,708 [Worker-26: Building] INFO  o.a.m.s.f.DefaultMavenResourcesFiltering - skip non existing resourceDirectory C:\Users\fatmagül\Desktop\Alisveris-Sitesi---backend-main\Alisveris-Sitesi---backend-main\src\test\resources
2025-12-28 22:39:19,528 [Worker-26: Building] INFO  o.a.m.s.f.DefaultMavenResourcesFiltering - Copying 1 resource from src\main\resources to target\classes
2025-12-28 22:39:19,535 [Worker-26: Building] INFO  o.a.m.s.f.DefaultMavenResourcesFiltering - Copying 0 resource from src\main\resources to target\classes
2025-12-28 22:39:19,541 [Worker-26: Building] INFO  o.a.m.s.f.DefaultMavenResourcesFiltering - skip non existing resourceDirectory C:\Users\fatmagül\Desktop\Alisveris-Sitesi---backend-main\Alisveris-Sitesi---backend-main\src\test\resources
2025-12-28 22:39:31,692 [Worker-26: Building] INFO  o.a.m.s.f.DefaultMavenResourcesFiltering - Copying 1 resource from src\main\resources to target\classes
2025-12-28 22:39:31,698 [Worker-26: Building] INFO  o.a.m.s.f.DefaultMavenResourcesFiltering - Copying 0 resource from src\main\resources to target\classes
2025-12-28 22:39:31,702 [Worker-26: Building] INFO  o.a.m.s.f.DefaultMavenResourcesFiltering - skip non existing resourceDirectory C:\Users\fatmagül\Desktop\Alisveris-Sitesi---backend-main\Alisveris-Sitesi---backend-main\src\test\resources
2025-12-28 22:41:25,766 [Worker-0: Building] INFO  o.a.m.s.f.DefaultMavenResourcesFiltering - Copying 1 resource from src\main\resources to target\classes
2025-12-28 22:41:25,776 [Worker-0: Building] INFO  o.a.m.s.f.DefaultMavenResourcesFiltering - Copying 0 resource from src\main\resources to target\classes
2025-12-28 22:41:25,780 [Worker-0: Building] INFO  o.a.m.s.f.DefaultMavenResourcesFiltering - skip non existing resourceDirectory C:\Users\fatmagül\Desktop\Alisveris-Sitesi---backend-main\Alisveris-Sitesi---backend-main\src\test\resources
2025-12-28 22:41:55,516 [Worker-27: Building] INFO  o.a.m.s.f.DefaultMavenResourcesFiltering - Copying 1 resource from src\main\resources to target\classes
2025-12-28 22:41:55,524 [Worker-27: Building] INFO  o.a.m.s.f.DefaultMavenResourcesFiltering - Copying 0 resource from src\main\resources to target\classes
2025-12-28 22:41:55,528 [Worker-27: Building] INFO  o.a.m.s.f.DefaultMavenResourcesFiltering - skip non existing resourceDirectory C:\Users\fatmagül\Desktop\Alisveris-Sitesi---backend-main\Alisveris-Sitesi---backend-main\src\test\resources
2025-12-28 22:42:06,813 [Worker-12: Building] INFO  o.a.m.s.f.DefaultMavenResourcesFiltering - Copying 1 resource from src\main\resources to target\classes
2025-12-28 22:42:06,831 [Worker-12: Building] INFO  o.a.m.s.f.DefaultMavenResourcesFiltering - Copying 0 resource from src\main\resources to target\classes
2025-12-28 22:42:06,835 [Worker-12: Building] INFO  o.a.m.s.f.DefaultMavenResourcesFiltering - skip non existing resourceDirectory C:\Users\fatmagül\Desktop\Alisveris-Sitesi---backend-main\Alisveris-Sitesi---backend-main\src\test\resources
2025-12-28 22:58:48,231 [Worker-26: Building] INFO  o.a.m.s.f.DefaultMavenResourcesFiltering - Copying 1 resource from src\main\resources to target\classes
2025-12-28 22:58:48,261 [Worker-26: Building] INFO  o.a.m.s.f.DefaultMavenResourcesFiltering - Copying 0 resource from src\main\resources to target\classes
2025-12-28 22:58:48,265 [Worker-26: Building] INFO  o.a.m.s.f.DefaultMavenResourcesFiltering - skip non existing resourceDirectory C:\Users\fatmagül\Desktop\Alisveris-Sitesi---backend-main\Alisveris-Sitesi---backend-main\src\test\resources
2025-12-28 23:07:18,502 [Worker-25: Building] INFO  o.a.m.s.f.DefaultMavenResourcesFiltering - Copying 1 resource from src\main\resources to target\classes
2025-12-28 23:07:18,514 [Worker-25: Building] INFO  o.a.m.s.f.DefaultMavenResourcesFiltering - Copying 0 resource from src\main\resources to target\classes
2025-12-28 23:07:18,518 [Worker-25: Building] INFO  o.a.m.s.f.DefaultMavenResourcesFiltering - skip non existing resourceDirectory C:\Users\fatmagül\Desktop\Alisveris-Sitesi---backend-main\Alisveris-Sitesi---backend-main\src\test\resources
2025-12-28 23:08:01,942 [Worker-25: Building] INFO  o.a.m.s.f.DefaultMavenResourcesFiltering - Copying 1 resource from src\main\resources to target\classes
2025-12-28 23:08:01,949 [Worker-25: Building] INFO  o.a.m.s.f.DefaultMavenResourcesFiltering - Copying 0 resource from src\main\resources to target\classes
2025-12-28 23:08:01,953 [Worker-25: Building] INFO  o.a.m.s.f.DefaultMavenResourcesFiltering - skip non existing resourceDirectory C:\Users\fatmagül\Desktop\Alisveris-Sitesi---backend-main\Alisveris-Sitesi---backend-main\src\test\resources
2025-12-28 23:54:40,195 [Worker-26: Building] INFO  o.a.m.s.f.DefaultMavenResourcesFiltering - Copying 0 resource from src\main\resources to target\classes
2025-12-28 23:54:40,207 [Worker-26: Building] INFO  o.a.m.s.f.DefaultMavenResourcesFiltering - Copying 0 resource from src\main\resources to target\classes
2025-12-28 23:54:40,211 [Worker-26: Building] INFO  o.a.m.s.f.DefaultMavenResourcesFiltering - skip non existing resourceDirectory C:\Users\fatmagül\Desktop\Alisveris-Sitesi---backend-main\Alisveris-Sitesi---backend-main\src\test\resources
2025-12-28 23:54:55,273 [Worker-40: Building] INFO  o.a.m.s.f.DefaultMavenResourcesFiltering - Copying 0 resource from src\main\resources to target\classes
2025-12-28 23:54:55,274 [Worker-40: Building] INFO  o.a.m.s.f.DefaultMavenResourcesFiltering - Copying 0 resource from src\main\resources to target\classes
2025-12-28 23:54:55,277 [Worker-40: Building] INFO  o.a.m.s.f.DefaultMavenResourcesFiltering - skip non existing resourceDirectory C:\Users\fatmagül\Desktop\Alisveris-Sitesi---backend-main\Alisveris-Sitesi---backend-main\src\test\resources
2025-12-28 23:55:13,717 [Worker-39: Launching java] INFO  o.e.m.c.i.e.AbstractTransferListenerAdapter - Downloading https://repo.maven.apache.org/maven2/org/junit/platform/junit-platform-launcher/1.10.3/junit-platform-launcher-1.10.3.jar
2025-12-28 23:55:13,769 [Worker-39: Launching java] INFO  o.e.m.c.i.e.AbstractTransferListenerAdapter - Downloaded https://repo.maven.apache.org/maven2/org/junit/platform/junit-platform-launcher/1.10.3/junit-platform-launcher-1.10.3.jar
2025-12-28 23:57:52,922 [Worker-42: Building] INFO  o.a.m.s.f.DefaultMavenResourcesFiltering - Copying 0 resource from src\main\resources to target\classes
2025-12-28 23:57:52,923 [Worker-42: Building] INFO  o.a.m.s.f.DefaultMavenResourcesFiltering - Copying 0 resource from src\main\resources to target\classes
2025-12-28 23:57:52,928 [Worker-42: Building] INFO  o.a.m.s.f.DefaultMavenResourcesFiltering - skip non existing resourceDirectory C:\Users\fatmagül\Desktop\Alisveris-Sitesi---backend-main\Alisveris-Sitesi---backend-main\src\test\resources
2025-12-28 23:58:24,636 [Worker-41: Building] INFO  o.a.m.s.f.DefaultMavenResourcesFiltering - Copying 0 resource from src\main\resources to target\classes
2025-12-28 23:58:24,636 [Worker-41: Building] INFO  o.a.m.s.f.DefaultMavenResourcesFiltering - Copying 0 resource from src\main\resources to target\classes
2025-12-28 23:58:24,639 [Worker-41: Building] INFO  o.a.m.s.f.DefaultMavenResourcesFiltering - skip non existing resourceDirectory C:\Users\fatmagül\Desktop\Alisveris-Sitesi---backend-main\Alisveris-Sitesi---backend-main\src\test\resources
2025-12-28 23:58:32,995 [Worker-40: Building] INFO  o.a.m.s.f.DefaultMavenResourcesFiltering - Copying 0 resource from src\main\resources to target\classes
2025-12-28 23:58:32,996 [Worker-40: Building] INFO  o.a.m.s.f.DefaultMavenResourcesFiltering - Copying 0 resource from src\main\resources to target\classes
2025-12-28 23:58:32,998 [Worker-40: Building] INFO  o.a.m.s.f.DefaultMavenResourcesFiltering - skip non existing resourceDirectory C:\Users\fatmagül\Desktop\Alisveris-Sitesi---backend-main\Alisveris-Sitesi---backend-main\src\test\resources
2025-12-29 00:00:26,224 [Worker-39: Building] INFO  o.a.m.s.f.DefaultMavenResourcesFiltering - Copying 1 resource from src\main\resources to target\classes
2025-12-29 00:00:26,231 [Worker-39: Building] INFO  o.a.m.s.f.DefaultMavenResourcesFiltering - Copying 0 resource from src\main\resources to target\classes
2025-12-29 00:00:26,234 [Worker-39: Building] INFO  o.a.m.s.f.DefaultMavenResourcesFiltering - skip non existing resourceDirectory C:\Users\fatmagül\Desktop\Alisveris-Sitesi---backend-main\Alisveris-Sitesi---backend-main\src\test\resources
2025-12-29 00:05:21,162 [Worker-41: Building] INFO  o.a.m.s.f.DefaultMavenResourcesFiltering - Copying 0 resource from src\main\resources to target\classes
2025-12-29 00:05:21,163 [Worker-41: Building] INFO  o.a.m.s.f.DefaultMavenResourcesFiltering - Copying 0 resource from src\main\resources to target\classes
2025-12-29 00:05:21,165 [Worker-41: Building] INFO  o.a.m.s.f.DefaultMavenResourcesFiltering - skip non existing resourceDirectory C:\Users\fatmagül\Desktop\Alisveris-Sitesi---backend-main\Alisveris-Sitesi---backend-main\src\test\resources
2025-12-29 00:06:09,295 [Worker-41: Building] INFO  o.a.m.s.f.DefaultMavenResourcesFiltering - Copying 0 resource from src\main\resources to target\classes
2025-12-29 00:06:09,296 [Worker-41: Building] INFO  o.a.m.s.f.DefaultMavenResourcesFiltering - Copying 0 resource from src\main\resources to target\classes
2025-12-29 00:06:09,298 [Worker-41: Building] INFO  o.a.m.s.f.DefaultMavenResourcesFiltering - skip non existing resourceDirectory C:\Users\fatmagül\Desktop\Alisveris-Sitesi---backend-main\Alisveris-Sitesi---backend-main\src\test\resources
2025-12-29 00:07:45,653 [Worker-44: Building] INFO  o.a.m.s.f.DefaultMavenResourcesFiltering - Copying 0 resource from src\main\resources to target\classes
2025-12-29 00:07:45,654 [Worker-44: Building] INFO  o.a.m.s.f.DefaultMavenResourcesFiltering - Copying 0 resource from src\main\resources to target\classes
2025-12-29 00:07:45,655 [Worker-44: Building] INFO  o.a.m.s.f.DefaultMavenResourcesFiltering - skip non existing resourceDirectory C:\Users\fatmagül\Desktop\Alisveris-Sitesi---backend-main\Alisveris-Sitesi---backend-main\src\test\resources
2025-12-29 00:12:08,945 [Worker-35: Building] INFO  o.a.m.s.f.DefaultMavenResourcesFiltering - Copying 0 resource from src\main\resources to target\classes
2025-12-29 00:12:08,945 [Worker-35: Building] INFO  o.a.m.s.f.DefaultMavenResourcesFiltering - Copying 0 resource from src\main\resources to target\classes
2025-12-29 00:12:08,948 [Worker-35: Building] INFO  o.a.m.s.f.DefaultMavenResourcesFiltering - skip non existing resourceDirectory C:\Users\fatmagül\Desktop\Alisveris-Sitesi---backend-main\Alisveris-Sitesi---backend-main\src\test\resources
2025-12-29 01:14:30,731 [Worker-51: Building] INFO  o.a.m.s.f.DefaultMavenResourcesFiltering - Copying 1 resource from src\main\resources to target\classes
2025-12-29 01:14:30,859 [Worker-51: Building] INFO  o.a.m.s.f.DefaultMavenResourcesFiltering - Copying 0 resource from src\main\resources to target\classes
2025-12-29 01:14:30,866 [Worker-51: Building] INFO  o.a.m.s.f.DefaultMavenResourcesFiltering - skip non existing resourceDirectory C:\Users\fatmagül\Desktop\Alisveris-Sitesi---backend-main\Alisveris-Sitesi---backend-main\src\test\resources
2025-12-29 01:15:27,237 [Worker-47: Building] INFO  o.a.m.s.f.DefaultMavenResourcesFiltering - Copying 1 resource from src\main\resources to target\classes
2025-12-29 01:15:27,245 [Worker-47: Building] INFO  o.a.m.s.f.DefaultMavenResourcesFiltering - Copying 0 resource from src\main\resources to target\classes
2025-12-29 01:15:27,248 [Worker-47: Building] INFO  o.a.m.s.f.DefaultMavenResourcesFiltering - skip non existing resourceDirectory C:\Users\fatmagül\Desktop\Alisveris-Sitesi---backend-main\Alisveris-Sitesi---backend-main\src\test\resources
2025-12-29 01:16:06,472 [Worker-47: Building] INFO  o.a.m.s.f.DefaultMavenResourcesFiltering - Copying 1 resource from src\main\resources to target\classes
2025-12-29 01:16:06,489 [Worker-47: Building] INFO  o.a.m.s.f.DefaultMavenResourcesFiltering - Copying 0 resource from src\main\resources to target\classes
2025-12-29 01:16:06,494 [Worker-47: Building] INFO  o.a.m.s.f.DefaultMavenResourcesFiltering - skip non existing resourceDirectory C:\Users\fatmagül\Desktop\Alisveris-Sitesi---backend-main\Alisveris-Sitesi---backend-main\src\test\resources
2025-12-29 01:16:25,728 [Worker-50: Building] INFO  o.a.m.s.f.DefaultMavenResourcesFiltering - Copying 1 resource from src\main\resources to target\classes
2025-12-29 01:16:25,743 [Worker-50: Building] INFO  o.a.m.s.f.DefaultMavenResourcesFiltering - Copying 0 resource from src\main\resources to target\classes
2025-12-29 01:16:25,746 [Worker-50: Building] INFO  o.a.m.s.f.DefaultMavenResourcesFiltering - skip non existing resourceDirectory C:\Users\fatmagül\Desktop\Alisveris-Sitesi---backend-main\Alisveris-Sitesi---backend-main\src\test\resources
2025-12-29 01:18:58,589 [Worker-53: Building] INFO  o.a.m.s.f.DefaultMavenResourcesFiltering - Copying 1 resource from src\main\resources to target\classes
2025-12-29 01:18:58,595 [Worker-53: Building] INFO  o.a.m.s.f.DefaultMavenResourcesFiltering - Copying 0 resource from src\main\resources to target\classes
2025-12-29 01:18:58,599 [Worker-53: Building] INFO  o.a.m.s.f.DefaultMavenResourcesFiltering - skip non existing resourceDirectory C:\Users\fatmagül\Desktop\Alisveris-Sitesi---backend-main\Alisveris-Sitesi---backend-main\src\test\resources
2025-12-29 01:19:34,332 [Worker-58: Launching Executing test in C__Users_fatmagül_Desktop_Alisveris-Sitesi---backend-main_Alisveris-Sitesi---backend-main] INFO  o.eclipse.m2e.core.internal.Bundles - getClasspathEntries(Bundle=org.eclipse.m2e.maven.runtime_3.9.700.20240602-2313 [644])
2025-12-29 01:19:34,337 [Worker-58: Launching Executing test in C__Users_fatmagül_Desktop_Alisveris-Sitesi---backend-main_Alisveris-Sitesi---backend-main] INFO  o.eclipse.m2e.core.internal.Bundles - 	Entry: C:\Users\fatmagül\.p2\pool\plugins\org.eclipse.m2e.maven.runtime_3.9.700.20240602-2313
2025-12-29 01:19:34,338 [Worker-58: Launching Executing test in C__Users_fatmagül_Desktop_Alisveris-Sitesi---backend-main_Alisveris-Sitesi---backend-main] INFO  o.eclipse.m2e.core.internal.Bundles - 	Entry: C:\Users\fatmagül\.p2\pool\plugins\org.eclipse.m2e.maven.runtime_3.9.700.20240602-2313\jars\aopalliance-1.0.jar
2025-12-29 01:19:34,338 [Worker-58: Launching Executing test in C__Users_fatmagül_Desktop_Alisveris-Sitesi---backend-main_Alisveris-Sitesi---backend-main] INFO  o.eclipse.m2e.core.internal.Bundles - 	Entry: C:\Users\fatmagül\.p2\pool\plugins\org.eclipse.m2e.maven.runtime_3.9.700.20240602-2313\jars\guice-5.1.0.jar
2025-12-29 01:19:34,339 [Worker-58: Launching Executing test in C__Users_fatmagül_Desktop_Alisveris-Sitesi---backend-main_Alisveris-Sitesi---backend-main] INFO  o.eclipse.m2e.core.internal.Bundles - 	Entry: C:\Users\fatmagül\.p2\pool\plugins\org.eclipse.m2e.maven.runtime_3.9.700.20240602-2313\jars\httpclient-4.5.14.jar
2025-12-29 01:19:34,339 [Worker-58: Launching Executing test in C__Users_fatmagül_Desktop_Alisveris-Sitesi---backend-main_Alisveris-Sitesi---backend-main] INFO  o.eclipse.m2e.core.internal.Bundles - 	Entry: C:\Users\fatmagül\.p2\pool\plugins\org.eclipse.m2e.maven.runtime_3.9.700.20240602-2313\jars\httpcore-4.4.16.jar
2025-12-29 01:19:34,339 [Worker-58: Launching Executing test in C__Users_fatmagül_Desktop_Alisveris-Sitesi---backend-main_Alisveris-Sitesi---backend-main] INFO  o.eclipse.m2e.core.internal.Bundles - 	Entry: C:\Users\fatmagül\.p2\pool\plugins\org.eclipse.m2e.maven.runtime_3.9.700.20240602-2313\jars\jansi-2.4.1.jar
2025-12-29 01:19:34,339 [Worker-58: Launching Executing test in C__Users_fatmagül_Desktop_Alisveris-Sitesi---backend-main_Alisveris-Sitesi---backend-main] INFO  o.eclipse.m2e.core.internal.Bundles - 	Entry: C:\Users\fatmagül\.p2\pool\plugins\org.eclipse.m2e.maven.runtime_3.9.700.20240602-2313\jars\jcl-over-slf4j-1.7.36.jar
2025-12-29 01:19:34,339 [Worker-58: Launching Executing test in C__Users_fatmagül_Desktop_Alisveris-Sitesi---backend-main_Alisveris-Sitesi---backend-main] INFO  o.eclipse.m2e.core.internal.Bundles - 	Entry: C:\Users\fatmagül\.p2\pool\plugins\org.eclipse.m2e.maven.runtime_3.9.700.20240602-2313\jars\maven-artifact-3.9.7.jar
2025-12-29 01:19:34,340 [Worker-58: Launching Executing test in C__Users_fatmagül_Desktop_Alisveris-Sitesi---backend-main_Alisveris-Sitesi---backend-main] INFO  o.eclipse.m2e.core.internal.Bundles - 	Entry: C:\Users\fatmagül\.p2\pool\plugins\org.eclipse.m2e.maven.runtime_3.9.700.20240602-2313\jars\maven-builder-support-3.9.7.jar
2025-12-29 01:19:34,340 [Worker-58: Launching Executing test in C__Users_fatmagül_Desktop_Alisveris-Sitesi---backend-main_Alisveris-Sitesi---backend-main] INFO  o.eclipse.m2e.core.internal.Bundles - 	Entry: C:\Users\fatmagül\.p2\pool\plugins\org.eclipse.m2e.maven.runtime_3.9.700.20240602-2313\jars\maven-compat-3.9.7.jar
2025-12-29 01:19:34,340 [Worker-58: Launching Executing test in C__Users_fatmagül_Desktop_Alisveris-Sitesi---backend-main_Alisveris-Sitesi---backend-main] INFO  o.eclipse.m2e.core.internal.Bundles - 	Entry: C:\Users\fatmagül\.p2\pool\plugins\org.eclipse.m2e.maven.runtime_3.9.700.20240602-2313\jars\maven-core-3.9.7.jar
2025-12-29 01:19:34,340 [Worker-58: Launching Executing test in C__Users_fatmagül_Desktop_Alisveris-Sitesi---backend-main_Alisveris-Sitesi---backend-main] INFO  o.eclipse.m2e.core.internal.Bundles - 	Entry: C:\Users\fatmagül\.p2\pool\plugins\org.eclipse.m2e.maven.runtime_3.9.700.20240602-2313\jars\maven-embedder-3.9.7.jar
2025-12-29 01:19:34,340 [Worker-58: Launching Executing test in C__Users_fatmagül_Desktop_Alisveris-Sitesi---backend-main_Alisveris-Sitesi---backend-main] INFO  o.eclipse.m2e.core.internal.Bundles - 	Entry: C:\Users\fatmagül\.p2\pool\plugins\org.eclipse.m2e.maven.runtime_3.9.700.20240602-2313\jars\maven-model-3.9.7.jar
2025-12-29 01:19:34,340 [Worker-58: Launching Executing test in C__Users_fatmagül_Desktop_Alisveris-Sitesi---backend-main_Alisveris-Sitesi---backend-main] INFO  o.eclipse.m2e.core.internal.Bundles - 	Entry: C:\Users\fatmagül\.p2\pool\plugins\org.eclipse.m2e.maven.runtime_3.9.700.20240602-2313\jars\maven-model-builder-3.9.7.jar
2025-12-29 01:19:34,340 [Worker-58: Launching Executing test in C__Users_fatmagül_Desktop_Alisveris-Sitesi---backend-main_Alisveris-Sitesi---backend-main] INFO  o.eclipse.m2e.core.internal.Bundles - 	Entry: C:\Users\fatmagül\.p2\pool\plugins\org.eclipse.m2e.maven.runtime_3.9.700.20240602-2313\jars\maven-plugin-api-3.9.7.jar
2025-12-29 01:19:34,340 [Worker-58: Launching Executing test in C__Users_fatmagül_Desktop_Alisveris-Sitesi---backend-main_Alisveris-Sitesi---backend-main] INFO  o.eclipse.m2e.core.internal.Bundles - 	Entry: C:\Users\fatmagül\.p2\pool\plugins\org.eclipse.m2e.maven.runtime_3.9.700.20240602-2313\jars\maven-repository-metadata-3.9.7.jar
2025-12-29 01:19:34,341 [Worker-58: Launching Executing test in C__Users_fatmagül_Desktop_Alisveris-Sitesi---backend-main_Alisveris-Sitesi---backend-main] INFO  o.eclipse.m2e.core.internal.Bundles - 	Entry: C:\Users\fatmagül\.p2\pool\plugins\org.eclipse.m2e.maven.runtime_3.9.700.20240602-2313\jars\maven-resolver-api-1.9.20.jar
2025-12-29 01:19:34,341 [Worker-58: Launching Executing test in C__Users_fatmagül_Desktop_Alisveris-Sitesi---backend-main_Alisveris-Sitesi---backend-main] INFO  o.eclipse.m2e.core.internal.Bundles - 	Entry: C:\Users\fatmagül\.p2\pool\plugins\org.eclipse.m2e.maven.runtime_3.9.700.20240602-2313\jars\maven-resolver-connector-basic-1.9.20.jar
2025-12-29 01:19:34,341 [Worker-58: Launching Executing test in C__Users_fatmagül_Desktop_Alisveris-Sitesi---backend-main_Alisveris-Sitesi---backend-main] INFO  o.eclipse.m2e.core.internal.Bundles - 	Entry: C:\Users\fatmagül\.p2\pool\plugins\org.eclipse.m2e.maven.runtime_3.9.700.20240602-2313\jars\maven-resolver-impl-1.9.20.jar
2025-12-29 01:19:34,341 [Worker-58: Launching Executing test in C__Users_fatmagül_Desktop_Alisveris-Sitesi---backend-main_Alisveris-Sitesi---backend-main] INFO  o.eclipse.m2e.core.internal.Bundles - 	Entry: C:\Users\fatmagül\.p2\pool\plugins\org.eclipse.m2e.maven.runtime_3.9.700.20240602-2313\jars\maven-resolver-named-locks-1.9.20.jar
2025-12-29 01:19:34,341 [Worker-58: Launching Executing test in C__Users_fatmagül_Desktop_Alisveris-Sitesi---backend-main_Alisveris-Sitesi---backend-main] INFO  o.eclipse.m2e.core.internal.Bundles - 	Entry: C:\Users\fatmagül\.p2\pool\plugins\org.eclipse.m2e.maven.runtime_3.9.700.20240602-2313\jars\maven-resolver-provider-3.9.7.jar
2025-12-29 01:19:34,342 [Worker-58: Launching Executing test in C__Users_fatmagül_Desktop_Alisveris-Sitesi---backend-main_Alisveris-Sitesi---backend-main] INFO  o.eclipse.m2e.core.internal.Bundles - 	Entry: C:\Users\fatmagül\.p2\pool\plugins\org.eclipse.m2e.maven.runtime_3.9.700.20240602-2313\jars\maven-resolver-spi-1.9.20.jar
2025-12-29 01:19:34,342 [Worker-58: Launching Executing test in C__Users_fatmagül_Desktop_Alisveris-Sitesi---backend-main_Alisveris-Sitesi---backend-main] INFO  o.eclipse.m2e.core.internal.Bundles - 	Entry: C:\Users\fatmagül\.p2\pool\plugins\org.eclipse.m2e.maven.runtime_3.9.700.20240602-2313\jars\maven-resolver-transport-file-1.9.20.jar
2025-12-29 01:19:34,342 [Worker-58: Launching Executing test in C__Users_fatmagül_Desktop_Alisveris-Sitesi---backend-main_Alisveris-Sitesi---backend-main] INFO  o.eclipse.m2e.core.internal.Bundles - 	Entry: C:\Users\fatmagül\.p2\pool\plugins\org.eclipse.m2e.maven.runtime_3.9.700.20240602-2313\jars\maven-resolver-transport-http-1.9.20.jar
2025-12-29 01:19:34,342 [Worker-58: Launching Executing test in C__Users_fatmagül_Desktop_Alisveris-Sitesi---backend-main_Alisveris-Sitesi---backend-main] INFO  o.eclipse.m2e.core.internal.Bundles - 	Entry: C:\Users\fatmagül\.p2\pool\plugins\org.eclipse.m2e.maven.runtime_3.9.700.20240602-2313\jars\maven-resolver-transport-wagon-1.9.20.jar
2025-12-29 01:19:34,342 [Worker-58: Launching Executing test in C__Users_fatmagül_Desktop_Alisveris-Sitesi---backend-main_Alisveris-Sitesi---backend-main] INFO  o.eclipse.m2e.core.internal.Bundles - 	Entry: C:\Users\fatmagül\.p2\pool\plugins\org.eclipse.m2e.maven.runtime_3.9.700.20240602-2313\jars\maven-resolver-util-1.9.20.jar
2025-12-29 01:19:34,342 [Worker-58: Launching Executing test in C__Users_fatmagül_Desktop_Alisveris-Sitesi---backend-main_Alisveris-Sitesi---backend-main] INFO  o.eclipse.m2e.core.internal.Bundles - 	Entry: C:\Users\fatmagül\.p2\pool\plugins\org.eclipse.m2e.maven.runtime_3.9.700.20240602-2313\jars\maven-settings-3.9.7.jar
2025-12-29 01:19:34,343 [Worker-58: Launching Executing test in C__Users_fatmagül_Desktop_Alisveris-Sitesi---backend-main_Alisveris-Sitesi---backend-main] INFO  o.eclipse.m2e.core.internal.Bundles - 	Entry: C:\Users\fatmagül\.p2\pool\plugins\org.eclipse.m2e.maven.runtime_3.9.700.20240602-2313\jars\maven-settings-builder-3.9.7.jar
2025-12-29 01:19:34,343 [Worker-58: Launching Executing test in C__Users_fatmagül_Desktop_Alisveris-Sitesi---backend-main_Alisveris-Sitesi---backend-main] INFO  o.eclipse.m2e.core.internal.Bundles - 	Entry: C:\Users\fatmagül\.p2\pool\plugins\org.eclipse.m2e.maven.runtime_3.9.700.20240602-2313\jars\maven-shared-utils-3.4.2.jar
2025-12-29 01:19:34,343 [Worker-58: Launching Executing test in C__Users_fatmagül_Desktop_Alisveris-Sitesi---backend-main_Alisveris-Sitesi---backend-main] INFO  o.eclipse.m2e.core.internal.Bundles - 	Entry: C:\Users\fatmagül\.p2\pool\plugins\org.eclipse.m2e.maven.runtime_3.9.700.20240602-2313\jars\org.eclipse.sisu.inject-0.9.0.M2.jar
2025-12-29 01:19:34,343 [Worker-58: Launching Executing test in C__Users_fatmagül_Desktop_Alisveris-Sitesi---backend-main_Alisveris-Sitesi---backend-main] INFO  o.eclipse.m2e.core.internal.Bundles - 	Entry: C:\Users\fatmagül\.p2\pool\plugins\org.eclipse.m2e.maven.runtime_3.9.700.20240602-2313\jars\org.eclipse.sisu.plexus-0.9.0.M2.jar
2025-12-29 01:19:34,343 [Worker-58: Launching Executing test in C__Users_fatmagül_Desktop_Alisveris-Sitesi---backend-main_Alisveris-Sitesi---backend-main] INFO  o.eclipse.m2e.core.internal.Bundles - 	Entry: C:\Users\fatmagül\.p2\pool\plugins\org.eclipse.m2e.maven.runtime_3.9.700.20240602-2313\jars\plexus-build-api-0.0.7.jar
2025-12-29 01:19:34,343 [Worker-58: Launching Executing test in C__Users_fatmagül_Desktop_Alisveris-Sitesi---backend-main_Alisveris-Sitesi---backend-main] INFO  o.eclipse.m2e.core.internal.Bundles - 	Entry: C:\Users\fatmagül\.p2\pool\plugins\org.eclipse.m2e.maven.runtime_3.9.700.20240602-2313\jars\plexus-build-api-1.2.0.jar
2025-12-29 01:19:34,343 [Worker-58: Launching Executing test in C__Users_fatmagül_Desktop_Alisveris-Sitesi---backend-main_Alisveris-Sitesi---backend-main] INFO  o.eclipse.m2e.core.internal.Bundles - 	Entry: C:\Users\fatmagül\.p2\pool\plugins\org.eclipse.m2e.maven.runtime_3.9.700.20240602-2313\jars\plexus-cipher-2.0.jar
2025-12-29 01:19:34,343 [Worker-58: Launching Executing test in C__Users_fatmagül_Desktop_Alisveris-Sitesi---backend-main_Alisveris-Sitesi---backend-main] INFO  o.eclipse.m2e.core.internal.Bundles - 	Entry: C:\Users\fatmagül\.p2\pool\plugins\org.eclipse.m2e.maven.runtime_3.9.700.20240602-2313\jars\plexus-classworlds-2.8.0.jar
2025-12-29 01:19:34,343 [Worker-58: Launching Executing test in C__Users_fatmagül_Desktop_Alisveris-Sitesi---backend-main_Alisveris-Sitesi---backend-main] INFO  o.eclipse.m2e.core.internal.Bundles - 	Entry: C:\Users\fatmagül\.p2\pool\plugins\org.eclipse.m2e.maven.runtime_3.9.700.20240602-2313\jars\plexus-component-annotations-2.1.0.jar
2025-12-29 01:19:34,344 [Worker-58: Launching Executing test in C__Users_fatmagül_Desktop_Alisveris-Sitesi---backend-main_Alisveris-Sitesi---backend-main] INFO  o.eclipse.m2e.core.internal.Bundles - 	Entry: C:\Users\fatmagül\.p2\pool\plugins\org.eclipse.m2e.maven.runtime_3.9.700.20240602-2313\jars\plexus-interpolation-1.27.jar
2025-12-29 01:19:34,344 [Worker-58: Launching Executing test in C__Users_fatmagül_Desktop_Alisveris-Sitesi---backend-main_Alisveris-Sitesi---backend-main] INFO  o.eclipse.m2e.core.internal.Bundles - 	Entry: C:\Users\fatmagül\.p2\pool\plugins\org.eclipse.m2e.maven.runtime_3.9.700.20240602-2313\jars\plexus-sec-dispatcher-2.0.jar
2025-12-29 01:19:34,344 [Worker-58: Launching Executing test in C__Users_fatmagül_Desktop_Alisveris-Sitesi---backend-main_Alisveris-Sitesi---backend-main] INFO  o.eclipse.m2e.core.internal.Bundles - 	Entry: C:\Users\fatmagül\.p2\pool\plugins\org.eclipse.m2e.maven.runtime_3.9.700.20240602-2313\jars\plexus-utils-3.5.1.jar
2025-12-29 01:19:34,344 [Worker-58: Launching Executing test in C__Users_fatmagül_Desktop_Alisveris-Sitesi---backend-main_Alisveris-Sitesi---backend-main] INFO  o.eclipse.m2e.core.internal.Bundles - 	Entry: C:\Users\fatmagül\.p2\pool\plugins\org.eclipse.m2e.maven.runtime_3.9.700.20240602-2313\jars\wagon-file-3.5.3.jar
2025-12-29 01:19:34,344 [Worker-58: Launching Executing test in C__Users_fatmagül_Desktop_Alisveris-Sitesi---backend-main_Alisveris-Sitesi---backend-main] INFO  o.eclipse.m2e.core.internal.Bundles - 	Entry: C:\Users\fatmagül\.p2\pool\plugins\org.eclipse.m2e.maven.runtime_3.9.700.20240602-2313\jars\wagon-http-3.5.3.jar
2025-12-29 01:19:34,344 [Worker-58: Launching Executing test in C__Users_fatmagül_Desktop_Alisveris-Sitesi---backend-main_Alisveris-Sitesi---backend-main] INFO  o.eclipse.m2e.core.internal.Bundles - 	Entry: C:\Users\fatmagül\.p2\pool\plugins\org.eclipse.m2e.maven.runtime_3.9.700.20240602-2313\jars\wagon-http-shared-3.5.3.jar
2025-12-29 01:19:34,344 [Worker-58: Launching Executing test in C__Users_fatmagül_Desktop_Alisveris-Sitesi---backend-main_Alisveris-Sitesi---backend-main] INFO  o.eclipse.m2e.core.internal.Bundles - 	Entry: C:\Users\fatmagül\.p2\pool\plugins\org.eclipse.m2e.maven.runtime_3.9.700.20240602-2313\jars\wagon-provider-api-3.5.3.jar
2025-12-29 01:19:34,347 [Worker-58: Launching Executing test in C__Users_fatmagül_Desktop_Alisveris-Sitesi---backend-main_Alisveris-Sitesi---backend-main] INFO  o.eclipse.m2e.core.internal.Bundles - getClasspathEntries(Bundle=com.google.guava_33.2.0.jre [16])
2025-12-29 01:19:34,349 [Worker-58: Launching Executing test in C__Users_fatmagül_Desktop_Alisveris-Sitesi---backend-main_Alisveris-Sitesi---backend-main] INFO  o.eclipse.m2e.core.internal.Bundles - 	Entry: C:\Users\fatmagül\.p2\pool\plugins\com.google.guava_33.2.0.jre.jar
2025-12-29 01:19:34,349 [Worker-58: Launching Executing test in C__Users_fatmagül_Desktop_Alisveris-Sitesi---backend-main_Alisveris-Sitesi---backend-main] INFO  o.eclipse.m2e.core.internal.Bundles - getClasspathEntries(Bundle=slf4j.api_2.0.13 [1009])
2025-12-29 01:19:34,349 [Worker-58: Launching Executing test in C__Users_fatmagül_Desktop_Alisveris-Sitesi---backend-main_Alisveris-Sitesi---backend-main] INFO  o.eclipse.m2e.core.internal.Bundles - 	Entry: C:\Users\fatmagül\.p2\pool\plugins\slf4j.api_2.0.13.jar
2025-12-29 01:19:34,349 [Worker-58: Launching Executing test in C__Users_fatmagül_Desktop_Alisveris-Sitesi---backend-main_Alisveris-Sitesi---backend-main] INFO  o.eclipse.m2e.core.internal.Bundles - getClasspathEntries(Bundle=jakarta.inject.jakarta.inject-api_1.0.5 [33])
2025-12-29 01:19:34,350 [Worker-58: Launching Executing test in C__Users_fatmagül_Desktop_Alisveris-Sitesi---backend-main_Alisveris-Sitesi---backend-main] INFO  o.eclipse.m2e.core.internal.Bundles - 	Entry: C:\Users\fatmagül\.p2\pool\plugins\jakarta.inject.jakarta.inject-api_1.0.5.jar
2025-12-29 01:19:34,350 [Worker-58: Launching Executing test in C__Users_fatmagül_Desktop_Alisveris-Sitesi---backend-main_Alisveris-Sitesi---backend-main] INFO  o.eclipse.m2e.core.internal.Bundles - getClasspathEntries(Bundle=javax.annotation_1.3.5.v20200909-1856 [44])
2025-12-29 01:19:34,351 [Worker-58: Launching Executing test in C__Users_fatmagül_Desktop_Alisveris-Sitesi---backend-main_Alisveris-Sitesi---backend-main] INFO  o.eclipse.m2e.core.internal.Bundles - 	Entry: C:\Users\fatmagül\.p2\pool\plugins\javax.annotation_1.3.5.v20200909-1856.jar
2025-12-29 01:19:34,351 [Worker-58: Launching Executing test in C__Users_fatmagül_Desktop_Alisveris-Sitesi---backend-main_Alisveris-Sitesi---backend-main] INFO  o.eclipse.m2e.core.internal.Bundles - getClasspathEntries(Bundle=org.apache.commons.cli_1.8.0 [78])
2025-12-29 01:19:34,351 [Worker-58: Launching Executing test in C__Users_fatmagül_Desktop_Alisveris-Sitesi---backend-main_Alisveris-Sitesi---backend-main] INFO  o.eclipse.m2e.core.internal.Bundles - 	Entry: C:\Users\fatmagül\.p2\pool\plugins\org.apache.commons.cli_1.8.0.jar
2025-12-29 01:19:34,351 [Worker-58: Launching Executing test in C__Users_fatmagül_Desktop_Alisveris-Sitesi---backend-main_Alisveris-Sitesi---backend-main] INFO  o.eclipse.m2e.core.internal.Bundles - getClasspathEntries(Bundle=org.apache.commons.commons-codec_1.16.0 [81])
2025-12-29 01:19:34,352 [Worker-58: Launching Executing test in C__Users_fatmagül_Desktop_Alisveris-Sitesi---backend-main_Alisveris-Sitesi---backend-main] INFO  o.eclipse.m2e.core.internal.Bundles - 	Entry: C:\Users\fatmagül\.p2\pool\plugins\org.apache.commons.commons-codec_1.16.0.jar
2025-12-29 01:19:34,352 [Worker-58: Launching Executing test in C__Users_fatmagül_Desktop_Alisveris-Sitesi---backend-main_Alisveris-Sitesi---backend-main] INFO  o.eclipse.m2e.core.internal.Bundles - getClasspathEntries(Bundle=org.apache.commons.lang3_3.14.0 [89])
2025-12-29 01:19:34,353 [Worker-58: Launching Executing test in C__Users_fatmagül_Desktop_Alisveris-Sitesi---backend-main_Alisveris-Sitesi---backend-main] INFO  o.eclipse.m2e.core.internal.Bundles - 	Entry: C:\Users\fatmagül\.p2\pool\plugins\org.apache.commons.lang3_3.14.0.jar
2025-12-29 01:19:34,354 [Worker-58: Launching Executing test in C__Users_fatmagül_Desktop_Alisveris-Sitesi---backend-main_Alisveris-Sitesi---backend-main] INFO  o.eclipse.m2e.core.internal.Bundles - getClasspathEntries(Bundle=com.google.guava.failureaccess_1.0.2 [17])
2025-12-29 01:19:34,354 [Worker-58: Launching Executing test in C__Users_fatmagül_Desktop_Alisveris-Sitesi---backend-main_Alisveris-Sitesi---backend-main] INFO  o.eclipse.m2e.core.internal.Bundles - 	Entry: C:\Users\fatmagül\.p2\pool\plugins\com.google.guava.failureaccess_1.0.2.jar
2025-12-29 01:19:34,359 [Worker-58: Launching Executing test in C__Users_fatmagül_Desktop_Alisveris-Sitesi---backend-main_Alisveris-Sitesi---backend-main] INFO  o.e.m.i.launch.MavenLaunchDelegate - Run build in "C:\Users\fatmagül\Desktop\Alisveris-Sitesi---backend-main\Alisveris-Sitesi---backend-main":
2025-12-29 01:19:34,360 [Worker-58: Launching Executing test in C__Users_fatmagül_Desktop_Alisveris-Sitesi---backend-main_Alisveris-Sitesi---backend-main] INFO  o.e.m.i.launch.MavenLaunchDelegate -  mvn  -B -Dstyle.color=always test
2025-12-29 01:21:24,164 [Worker-57: Launching Executing test in C__Users_fatmagül_Desktop_Alisveris-Sitesi---backend-main_Alisveris-Sitesi---backend-main] INFO  o.eclipse.m2e.core.internal.Bundles - getClasspathEntries(Bundle=org.eclipse.m2e.maven.runtime_3.9.700.20240602-2313 [644])
2025-12-29 01:21:24,166 [Worker-57: Launching Executing test in C__Users_fatmagül_Desktop_Alisveris-Sitesi---backend-main_Alisveris-Sitesi---backend-main] INFO  o.eclipse.m2e.core.internal.Bundles - 	Entry: C:\Users\fatmagül\.p2\pool\plugins\org.eclipse.m2e.maven.runtime_3.9.700.20240602-2313
2025-12-29 01:21:24,166 [Worker-57: Launching Executing test in C__Users_fatmagül_Desktop_Alisveris-Sitesi---backend-main_Alisveris-Sitesi---backend-main] INFO  o.eclipse.m2e.core.internal.Bundles - 	Entry: C:\Users\fatmagül\.p2\pool\plugins\org.eclipse.m2e.maven.runtime_3.9.700.20240602-2313\jars\aopalliance-1.0.jar
2025-12-29 01:21:24,166 [Worker-57: Launching Executing test in C__Users_fatmagül_Desktop_Alisveris-Sitesi---backend-main_Alisveris-Sitesi---backend-main] INFO  o.eclipse.m2e.core.internal.Bundles - 	Entry: C:\Users\fatmagül\.p2\pool\plugins\org.eclipse.m2e.maven.runtime_3.9.700.20240602-2313\jars\guice-5.1.0.jar
2025-12-29 01:21:24,166 [Worker-57: Launching Executing test in C__Users_fatmagül_Desktop_Alisveris-Sitesi---backend-main_Alisveris-Sitesi---backend-main] INFO  o.eclipse.m2e.core.internal.Bundles - 	Entry: C:\Users\fatmagül\.p2\pool\plugins\org.eclipse.m2e.maven.runtime_3.9.700.20240602-2313\jars\httpclient-4.5.14.jar
2025-12-29 01:21:24,167 [Worker-57: Launching Executing test in C__Users_fatmagül_Desktop_Alisveris-Sitesi---backend-main_Alisveris-Sitesi---backend-main] INFO  o.eclipse.m2e.core.internal.Bundles - 	Entry: C:\Users\fatmagül\.p2\pool\plugins\org.eclipse.m2e.maven.runtime_3.9.700.20240602-2313\jars\httpcore-4.4.16.jar
2025-12-29 01:21:24,167 [Worker-57: Launching Executing test in C__Users_fatmagül_Desktop_Alisveris-Sitesi---backend-main_Alisveris-Sitesi---backend-main] INFO  o.eclipse.m2e.core.internal.Bundles - 	Entry: C:\Users\fatmagül\.p2\pool\plugins\org.eclipse.m2e.maven.runtime_3.9.700.20240602-2313\jars\jansi-2.4.1.jar
2025-12-29 01:21:24,167 [Worker-57: Launching Executing test in C__Users_fatmagül_Desktop_Alisveris-Sitesi---backend-main_Alisveris-Sitesi---backend-main] INFO  o.eclipse.m2e.core.internal.Bundles - 	Entry: C:\Users\fatmagül\.p2\pool\plugins\org.eclipse.m2e.maven.runtime_3.9.700.20240602-2313\jars\jcl-over-slf4j-1.7.36.jar
2025-12-29 01:21:24,167 [Worker-57: Launching Executing test in C__Users_fatmagül_Desktop_Alisveris-Sitesi---backend-main_Alisveris-Sitesi---backend-main] INFO  o.eclipse.m2e.core.internal.Bundles - 	Entry: C:\Users\fatmagül\.p2\pool\plugins\org.eclipse.m2e.maven.runtime_3.9.700.20240602-2313\jars\maven-artifact-3.9.7.jar
2025-12-29 01:21:24,167 [Worker-57: Launching Executing test in C__Users_fatmagül_Desktop_Alisveris-Sitesi---backend-main_Alisveris-Sitesi---backend-main] INFO  o.eclipse.m2e.core.internal.Bundles - 	Entry: C:\Users\fatmagül\.p2\pool\plugins\org.eclipse.m2e.maven.runtime_3.9.700.20240602-2313\jars\maven-builder-support-3.9.7.jar
2025-12-29 01:21:24,167 [Worker-57: Launching Executing test in C__Users_fatmagül_Desktop_Alisveris-Sitesi---backend-main_Alisveris-Sitesi---backend-main] INFO  o.eclipse.m2e.core.internal.Bundles - 	Entry: C:\Users\fatmagül\.p2\pool\plugins\org.eclipse.m2e.maven.runtime_3.9.700.20240602-2313\jars\maven-compat-3.9.7.jar
2025-12-29 01:21:24,167 [Worker-57: Launching Executing test in C__Users_fatmagül_Desktop_Alisveris-Sitesi---backend-main_Alisveris-Sitesi---backend-main] INFO  o.eclipse.m2e.core.internal.Bundles - 	Entry: C:\Users\fatmagül\.p2\pool\plugins\org.eclipse.m2e.maven.runtime_3.9.700.20240602-2313\jars\maven-core-3.9.7.jar
2025-12-29 01:21:24,167 [Worker-57: Launching Executing test in C__Users_fatmagül_Desktop_Alisveris-Sitesi---backend-main_Alisveris-Sitesi---backend-main] INFO  o.eclipse.m2e.core.internal.Bundles - 	Entry: C:\Users\fatmagül\.p2\pool\plugins\org.eclipse.m2e.maven.runtime_3.9.700.20240602-2313\jars\maven-embedder-3.9.7.jar
2025-12-29 01:21:24,167 [Worker-57: Launching Executing test in C__Users_fatmagül_Desktop_Alisveris-Sitesi---backend-main_Alisveris-Sitesi---backend-main] INFO  o.eclipse.m2e.core.internal.Bundles - 	Entry: C:\Users\fatmagül\.p2\pool\plugins\org.eclipse.m2e.maven.runtime_3.9.700.20240602-2313\jars\maven-model-3.9.7.jar
2025-12-29 01:21:24,168 [Worker-57: Launching Executing test in C__Users_fatmagül_Desktop_Alisveris-Sitesi---backend-main_Alisveris-Sitesi---backend-main] INFO  o.eclipse.m2e.core.internal.Bundles - 	Entry: C:\Users\fatmagül\.p2\pool\plugins\org.eclipse.m2e.maven.runtime_3.9.700.20240602-2313\jars\maven-model-builder-3.9.7.jar
2025-12-29 01:21:24,168 [Worker-57: Launching Executing test in C__Users_fatmagül_Desktop_Alisveris-Sitesi---backend-main_Alisveris-Sitesi---backend-main] INFO  o.eclipse.m2e.core.internal.Bundles - 	Entry: C:\Users\fatmagül\.p2\pool\plugins\org.eclipse.m2e.maven.runtime_3.9.700.20240602-2313\jars\maven-plugin-api-3.9.7.jar
2025-12-29 01:21:24,168 [Worker-57: Launching Executing test in C__Users_fatmagül_Desktop_Alisveris-Sitesi---backend-main_Alisveris-Sitesi---backend-main] INFO  o.eclipse.m2e.core.internal.Bundles - 	Entry: C:\Users\fatmagül\.p2\pool\plugins\org.eclipse.m2e.maven.runtime_3.9.700.20240602-2313\jars\maven-repository-metadata-3.9.7.jar
2025-12-29 01:21:24,168 [Worker-57: Launching Executing test in C__Users_fatmagül_Desktop_Alisveris-Sitesi---backend-main_Alisveris-Sitesi---backend-main] INFO  o.eclipse.m2e.core.internal.Bundles - 	Entry: C:\Users\fatmagül\.p2\pool\plugins\org.eclipse.m2e.maven.runtime_3.9.700.20240602-2313\jars\maven-resolver-api-1.9.20.jar
2025-12-29 01:21:24,168 [Worker-57: Launching Executing test in C__Users_fatmagül_Desktop_Alisveris-Sitesi---backend-main_Alisveris-Sitesi---backend-main] INFO  o.eclipse.m2e.core.internal.Bundles - 	Entry: C:\Users\fatmagül\.p2\pool\plugins\org.eclipse.m2e.maven.runtime_3.9.700.20240602-2313\jars\maven-resolver-connector-basic-1.9.20.jar
2025-12-29 01:21:24,168 [Worker-57: Launching Executing test in C__Users_fatmagül_Desktop_Alisveris-Sitesi---backend-main_Alisveris-Sitesi---backend-main] INFO  o.eclipse.m2e.core.internal.Bundles - 	Entry: C:\Users\fatmagül\.p2\pool\plugins\org.eclipse.m2e.maven.runtime_3.9.700.20240602-2313\jars\maven-resolver-impl-1.9.20.jar
2025-12-29 01:21:24,168 [Worker-57: Launching Executing test in C__Users_fatmagül_Desktop_Alisveris-Sitesi---backend-main_Alisveris-Sitesi---backend-main] INFO  o.eclipse.m2e.core.internal.Bundles - 	Entry: C:\Users\fatmagül\.p2\pool\plugins\org.eclipse.m2e.maven.runtime_3.9.700.20240602-2313\jars\maven-resolver-named-locks-1.9.20.jar
2025-12-29 01:21:24,168 [Worker-57: Launching Executing test in C__Users_fatmagül_Desktop_Alisveris-Sitesi---backend-main_Alisveris-Sitesi---backend-main] INFO  o.eclipse.m2e.core.internal.Bundles - 	Entry: C:\Users\fatmagül\.p2\pool\plugins\org.eclipse.m2e.maven.runtime_3.9.700.20240602-2313\jars\maven-resolver-provider-3.9.7.jar
2025-12-29 01:21:24,169 [Worker-57: Launching Executing test in C__Users_fatmagül_Desktop_Alisveris-Sitesi---backend-main_Alisveris-Sitesi---backend-main] INFO  o.eclipse.m2e.core.internal.Bundles - 	Entry: C:\Users\fatmagül\.p2\pool\plugins\org.eclipse.m2e.maven.runtime_3.9.700.20240602-2313\jars\maven-resolver-spi-1.9.20.jar
2025-12-29 01:21:24,169 [Worker-57: Launching Executing test in C__Users_fatmagül_Desktop_Alisveris-Sitesi---backend-main_Alisveris-Sitesi---backend-main] INFO  o.eclipse.m2e.core.internal.Bundles - 	Entry: C:\Users\fatmagül\.p2\pool\plugins\org.eclipse.m2e.maven.runtime_3.9.700.20240602-2313\jars\maven-resolver-transport-file-1.9.20.jar
2025-12-29 01:21:24,169 [Worker-57: Launching Executing test in C__Users_fatmagül_Desktop_Alisveris-Sitesi---backend-main_Alisveris-Sitesi---backend-main] INFO  o.eclipse.m2e.core.internal.Bundles - 	Entry: C:\Users\fatmagül\.p2\pool\plugins\org.eclipse.m2e.maven.runtime_3.9.700.20240602-2313\jars\maven-resolver-transport-http-1.9.20.jar
2025-12-29 01:21:24,169 [Worker-57: Launching Executing test in C__Users_fatmagül_Desktop_Alisveris-Sitesi---backend-main_Alisveris-Sitesi---backend-main] INFO  o.eclipse.m2e.core.internal.Bundles - 	Entry: C:\Users\fatmagül\.p2\pool\plugins\org.eclipse.m2e.maven.runtime_3.9.700.20240602-2313\jars\maven-resolver-transport-wagon-1.9.20.jar
2025-12-29 01:21:24,169 [Worker-57: Launching Executing test in C__Users_fatmagül_Desktop_Alisveris-Sitesi---backend-main_Alisveris-Sitesi---backend-main] INFO  o.eclipse.m2e.core.internal.Bundles - 	Entry: C:\Users\fatmagül\.p2\pool\plugins\org.eclipse.m2e.maven.runtime_3.9.700.20240602-2313\jars\maven-resolver-util-1.9.20.jar
2025-12-29 01:21:24,169 [Worker-57: Launching Executing test in C__Users_fatmagül_Desktop_Alisveris-Sitesi---backend-main_Alisveris-Sitesi---backend-main] INFO  o.eclipse.m2e.core.internal.Bundles - 	Entry: C:\Users\fatmagül\.p2\pool\plugins\org.eclipse.m2e.maven.runtime_3.9.700.20240602-2313\jars\maven-settings-3.9.7.jar
2025-12-29 01:21:24,169 [Worker-57: Launching Executing test in C__Users_fatmagül_Desktop_Alisveris-Sitesi---backend-main_Alisveris-Sitesi---backend-main] INFO  o.eclipse.m2e.core.internal.Bundles - 	Entry: C:\Users\fatmagül\.p2\pool\plugins\org.eclipse.m2e.maven.runtime_3.9.700.20240602-2313\jars\maven-settings-builder-3.9.7.jar
2025-12-29 01:21:24,170 [Worker-57: Launching Executing test in C__Users_fatmagül_Desktop_Alisveris-Sitesi---backend-main_Alisveris-Sitesi---backend-main] INFO  o.eclipse.m2e.core.internal.Bundles - 	Entry: C:\Users\fatmagül\.p2\pool\plugins\org.eclipse.m2e.maven.runtime_3.9.700.20240602-2313\jars\maven-shared-utils-3.4.2.jar
2025-12-29 01:21:24,170 [Worker-57: Launching Executing test in C__Users_fatmagül_Desktop_Alisveris-Sitesi---backend-main_Alisveris-Sitesi---backend-main] INFO  o.eclipse.m2e.core.internal.Bundles - 	Entry: C:\Users\fatmagül\.p2\pool\plugins\org.eclipse.m2e.maven.runtime_3.9.700.20240602-2313\jars\org.eclipse.sisu.inject-0.9.0.M2.jar
2025-12-29 01:21:24,170 [Worker-57: Launching Executing test in C__Users_fatmagül_Desktop_Alisveris-Sitesi---backend-main_Alisveris-Sitesi---backend-main] INFO  o.eclipse.m2e.core.internal.Bundles - 	Entry: C:\Users\fatmagül\.p2\pool\plugins\org.eclipse.m2e.maven.runtime_3.9.700.20240602-2313\jars\org.eclipse.sisu.plexus-0.9.0.M2.jar
2025-12-29 01:21:24,170 [Worker-57: Launching Executing test in C__Users_fatmagül_Desktop_Alisveris-Sitesi---backend-main_Alisveris-Sitesi---backend-main] INFO  o.eclipse.m2e.core.internal.Bundles - 	Entry: C:\Users\fatmagül\.p2\pool\plugins\org.eclipse.m2e.maven.runtime_3.9.700.20240602-2313\jars\plexus-build-api-0.0.7.jar
2025-12-29 01:21:24,170 [Worker-57: Launching Executing test in C__Users_fatmagül_Desktop_Alisveris-Sitesi---backend-main_Alisveris-Sitesi---backend-main] INFO  o.eclipse.m2e.core.internal.Bundles - 	Entry: C:\Users\fatmagül\.p2\pool\plugins\org.eclipse.m2e.maven.runtime_3.9.700.20240602-2313\jars\plexus-build-api-1.2.0.jar
2025-12-29 01:21:24,170 [Worker-57: Launching Executing test in C__Users_fatmagül_Desktop_Alisveris-Sitesi---backend-main_Alisveris-Sitesi---backend-main] INFO  o.eclipse.m2e.core.internal.Bundles - 	Entry: C:\Users\fatmagül\.p2\pool\plugins\org.eclipse.m2e.maven.runtime_3.9.700.20240602-2313\jars\plexus-cipher-2.0.jar
2025-12-29 01:21:24,170 [Worker-57: Launching Executing test in C__Users_fatmagül_Desktop_Alisveris-Sitesi---backend-main_Alisveris-Sitesi---backend-main] INFO  o.eclipse.m2e.core.internal.Bundles - 	Entry: C:\Users\fatmagül\.p2\pool\plugins\org.eclipse.m2e.maven.runtime_3.9.700.20240602-2313\jars\plexus-classworlds-2.8.0.jar
2025-12-29 01:21:24,170 [Worker-57: Launching Executing test in C__Users_fatmagül_Desktop_Alisveris-Sitesi---backend-main_Alisveris-Sitesi---backend-main] INFO  o.eclipse.m2e.core.internal.Bundles - 	Entry: C:\Users\fatmagül\.p2\pool\plugins\org.eclipse.m2e.maven.runtime_3.9.700.20240602-2313\jars\plexus-component-annotations-2.1.0.jar
2025-12-29 01:21:24,170 [Worker-57: Launching Executing test in C__Users_fatmagül_Desktop_Alisveris-Sitesi---backend-main_Alisveris-Sitesi---backend-main] INFO  o.eclipse.m2e.core.internal.Bundles - 	Entry: C:\Users\fatmagül\.p2\pool\plugins\org.eclipse.m2e.maven.runtime_3.9.700.20240602-2313\jars\plexus-interpolation-1.27.jar
2025-12-29 01:21:24,170 [Worker-57: Launching Executing test in C__Users_fatmagül_Desktop_Alisveris-Sitesi---backend-main_Alisveris-Sitesi---backend-main] INFO  o.eclipse.m2e.core.internal.Bundles - 	Entry: C:\Users\fatmagül\.p2\pool\plugins\org.eclipse.m2e.maven.runtime_3.9.700.20240602-2313\jars\plexus-sec-dispatcher-2.0.jar
2025-12-29 01:21:24,170 [Worker-57: Launching Executing test in C__Users_fatmagül_Desktop_Alisveris-Sitesi---backend-main_Alisveris-Sitesi---backend-main] INFO  o.eclipse.m2e.core.internal.Bundles - 	Entry: C:\Users\fatmagül\.p2\pool\plugins\org.eclipse.m2e.maven.runtime_3.9.700.20240602-2313\jars\plexus-utils-3.5.1.jar
2025-12-29 01:21:24,170 [Worker-57: Launching Executing test in C__Users_fatmagül_Desktop_Alisveris-Sitesi---backend-main_Alisveris-Sitesi---backend-main] INFO  o.eclipse.m2e.core.internal.Bundles - 	Entry: C:\Users\fatmagül\.p2\pool\plugins\org.eclipse.m2e.maven.runtime_3.9.700.20240602-2313\jars\wagon-file-3.5.3.jar
2025-12-29 01:21:24,170 [Worker-57: Launching Executing test in C__Users_fatmagül_Desktop_Alisveris-Sitesi---backend-main_Alisveris-Sitesi---backend-main] INFO  o.eclipse.m2e.core.internal.Bundles - 	Entry: C:\Users\fatmagül\.p2\pool\plugins\org.eclipse.m2e.maven.runtime_3.9.700.20240602-2313\jars\wagon-http-3.5.3.jar
2025-12-29 01:21:24,170 [Worker-57: Launching Executing test in C__Users_fatmagül_Desktop_Alisveris-Sitesi---backend-main_Alisveris-Sitesi---backend-main] INFO  o.eclipse.m2e.core.internal.Bundles - 	Entry: C:\Users\fatmagül\.p2\pool\plugins\org.eclipse.m2e.maven.runtime_3.9.700.20240602-2313\jars\wagon-http-shared-3.5.3.jar
2025-12-29 01:21:24,170 [Worker-57: Launching Executing test in C__Users_fatmagül_Desktop_Alisveris-Sitesi---backend-main_Alisveris-Sitesi---backend-main] INFO  o.eclipse.m2e.core.internal.Bundles - 	Entry: C:\Users\fatmagül\.p2\pool\plugins\org.eclipse.m2e.maven.runtime_3.9.700.20240602-2313\jars\wagon-provider-api-3.5.3.jar
2025-12-29 01:21:24,171 [Worker-57: Launching Executing test in C__Users_fatmagül_Desktop_Alisveris-Sitesi---backend-main_Alisveris-Sitesi---backend-main] INFO  o.eclipse.m2e.core.internal.Bundles - getClasspathEntries(Bundle=com.google.guava_33.2.0.jre [16])
2025-12-29 01:21:24,172 [Worker-57: Launching Executing test in C__Users_fatmagül_Desktop_Alisveris-Sitesi---backend-main_Alisveris-Sitesi---backend-main] INFO  o.eclipse.m2e.core.internal.Bundles - 	Entry: C:\Users\fatmagül\.p2\pool\plugins\com.google.guava_33.2.0.jre.jar
2025-12-29 01:21:24,172 [Worker-57: Launching Executing test in C__Users_fatmagül_Desktop_Alisveris-Sitesi---backend-main_Alisveris-Sitesi---backend-main] INFO  o.eclipse.m2e.core.internal.Bundles - getClasspathEntries(Bundle=slf4j.api_2.0.13 [1009])
2025-12-29 01:21:24,173 [Worker-57: Launching Executing test in C__Users_fatmagül_Desktop_Alisveris-Sitesi---backend-main_Alisveris-Sitesi---backend-main] INFO  o.eclipse.m2e.core.internal.Bundles - 	Entry: C:\Users\fatmagül\.p2\pool\plugins\slf4j.api_2.0.13.jar
2025-12-29 01:21:24,173 [Worker-57: Launching Executing test in C__Users_fatmagül_Desktop_Alisveris-Sitesi---backend-main_Alisveris-Sitesi---backend-main] INFO  o.eclipse.m2e.core.internal.Bundles - getClasspathEntries(Bundle=jakarta.inject.jakarta.inject-api_1.0.5 [33])
2025-12-29 01:21:24,173 [Worker-57: Launching Executing test in C__Users_fatmagül_Desktop_Alisveris-Sitesi---backend-main_Alisveris-Sitesi---backend-main] INFO  o.eclipse.m2e.core.internal.Bundles - 	Entry: C:\Users\fatmagül\.p2\pool\plugins\jakarta.inject.jakarta.inject-api_1.0.5.jar
2025-12-29 01:21:24,174 [Worker-57: Launching Executing test in C__Users_fatmagül_Desktop_Alisveris-Sitesi---backend-main_Alisveris-Sitesi---backend-main] INFO  o.eclipse.m2e.core.internal.Bundles - getClasspathEntries(Bundle=javax.annotation_1.3.5.v20200909-1856 [44])
2025-12-29 01:21:24,174 [Worker-57: Launching Executing test in C__Users_fatmagül_Desktop_Alisveris-Sitesi---backend-main_Alisveris-Sitesi---backend-main] INFO  o.eclipse.m2e.core.internal.Bundles - 	Entry: C:\Users\fatmagül\.p2\pool\plugins\javax.annotation_1.3.5.v20200909-1856.jar
2025-12-29 01:21:24,174 [Worker-57: Launching Executing test in C__Users_fatmagül_Desktop_Alisveris-Sitesi---backend-main_Alisveris-Sitesi---backend-main] INFO  o.eclipse.m2e.core.internal.Bundles - getClasspathEntries(Bundle=org.apache.commons.cli_1.8.0 [78])
2025-12-29 01:21:24,175 [Worker-57: Launching Executing test in C__Users_fatmagül_Desktop_Alisveris-Sitesi---backend-main_Alisveris-Sitesi---backend-main] INFO  o.eclipse.m2e.core.internal.Bundles - 	Entry: C:\Users\fatmagül\.p2\pool\plugins\org.apache.commons.cli_1.8.0.jar
2025-12-29 01:21:24,175 [Worker-57: Launching Executing test in C__Users_fatmagül_Desktop_Alisveris-Sitesi---backend-main_Alisveris-Sitesi---backend-main] INFO  o.eclipse.m2e.core.internal.Bundles - getClasspathEntries(Bundle=org.apache.commons.commons-codec_1.16.0 [81])
2025-12-29 01:21:24,175 [Worker-57: Launching Executing test in C__Users_fatmagül_Desktop_Alisveris-Sitesi---backend-main_Alisveris-Sitesi---backend-main] INFO  o.eclipse.m2e.core.internal.Bundles - 	Entry: C:\Users\fatmagül\.p2\pool\plugins\org.apache.commons.commons-codec_1.16.0.jar
2025-12-29 01:21:24,175 [Worker-57: Launching Executing test in C__Users_fatmagül_Desktop_Alisveris-Sitesi---backend-main_Alisveris-Sitesi---backend-main] INFO  o.eclipse.m2e.core.internal.Bundles - getClasspathEntries(Bundle=org.apache.commons.lang3_3.14.0 [89])
2025-12-29 01:21:24,175 [Worker-57: Launching Executing test in C__Users_fatmagül_Desktop_Alisveris-Sitesi---backend-main_Alisveris-Sitesi---backend-main] INFO  o.eclipse.m2e.core.internal.Bundles - 	Entry: C:\Users\fatmagül\.p2\pool\plugins\org.apache.commons.lang3_3.14.0.jar
2025-12-29 01:21:24,175 [Worker-57: Launching Executing test in C__Users_fatmagül_Desktop_Alisveris-Sitesi---backend-main_Alisveris-Sitesi---backend-main] INFO  o.eclipse.m2e.core.internal.Bundles - getClasspathEntries(Bundle=com.google.guava.failureaccess_1.0.2 [17])
2025-12-29 01:21:24,176 [Worker-57: Launching Executing test in C__Users_fatmagül_Desktop_Alisveris-Sitesi---backend-main_Alisveris-Sitesi---backend-main] INFO  o.eclipse.m2e.core.internal.Bundles - 	Entry: C:\Users\fatmagül\.p2\pool\plugins\com.google.guava.failureaccess_1.0.2.jar
2025-12-29 01:21:24,178 [Worker-57: Launching Executing test in C__Users_fatmagül_Desktop_Alisveris-Sitesi---backend-main_Alisveris-Sitesi---backend-main] INFO  o.e.m.i.launch.MavenLaunchDelegate - Run build in "C:\Users\fatmagül\Desktop\Alisveris-Sitesi---backend-main\Alisveris-Sitesi---backend-main":
2025-12-29 01:21:24,178 [Worker-57: Launching Executing test in C__Users_fatmagül_Desktop_Alisveris-Sitesi---backend-main_Alisveris-Sitesi---backend-main] INFO  o.e.m.i.launch.MavenLaunchDelegate -  mvn  -B -Dstyle.color=always test
2025-12-29 01:27:58,563 [Worker-56: Building] INFO  o.a.m.s.f.DefaultMavenResourcesFiltering - Copying 1 resource from src\main\resources to target\classes
2025-12-29 01:27:58,595 [Worker-56: Building] INFO  o.a.m.s.f.DefaultMavenResourcesFiltering - Copying 0 resource from src\main\resources to target\classes
2025-12-29 01:27:58,598 [Worker-56: Building] INFO  o.a.m.s.f.DefaultMavenResourcesFiltering - skip non existing resourceDirectory C:\Users\fatmagül\Desktop\Alisveris-Sitesi---backend-main\Alisveris-Sitesi---backend-main\src\test\resources
2025-12-29 01:28:37,154 [Worker-54: Building] INFO  o.a.m.s.f.DefaultMavenResourcesFiltering - Copying 0 resource from src\main\resources to target\classes
2025-12-29 01:28:37,155 [Worker-54: Building] INFO  o.a.m.s.f.DefaultMavenResourcesFiltering - Copying 0 resource from src\main\resources to target\classes
2025-12-29 01:28:37,158 [Worker-54: Building] INFO  o.a.m.s.f.DefaultMavenResourcesFiltering - skip non existing resourceDirectory C:\Users\fatmagül\Desktop\Alisveris-Sitesi---backend-main\Alisveris-Sitesi---backend-main\src\test\resources
2025-12-29 01:32:09,624 [Worker-56: Building] INFO  o.a.m.s.f.DefaultMavenResourcesFiltering - Copying 1 resource from src\main\resources to target\classes
2025-12-29 01:32:09,697 [Worker-56: Building] INFO  o.a.m.s.f.DefaultMavenResourcesFiltering - Copying 0 resource from src\main\resources to target\classes
2025-12-29 01:32:09,707 [Worker-56: Building] INFO  o.a.m.s.f.DefaultMavenResourcesFiltering - skip non existing resourceDirectory C:\Users\fatmagül\Desktop\Alisveris-Sitesi---backend-main\Alisveris-Sitesi---backend-main\src\test\resources
2025-12-29 01:35:21,004 [Worker-56: Launching Executing test in C__Users_fatmagül_Desktop_Alisveris-Sitesi---backend-main_Alisveris-Sitesi---backend-main] INFO  o.eclipse.m2e.core.internal.Bundles - getClasspathEntries(Bundle=org.eclipse.m2e.maven.runtime_3.9.700.20240602-2313 [644])
2025-12-29 01:35:21,008 [Worker-56: Launching Executing test in C__Users_fatmagül_Desktop_Alisveris-Sitesi---backend-main_Alisveris-Sitesi---backend-main] INFO  o.eclipse.m2e.core.internal.Bundles - 	Entry: C:\Users\fatmagül\.p2\pool\plugins\org.eclipse.m2e.maven.runtime_3.9.700.20240602-2313
2025-12-29 01:35:21,009 [Worker-56: Launching Executing test in C__Users_fatmagül_Desktop_Alisveris-Sitesi---backend-main_Alisveris-Sitesi---backend-main] INFO  o.eclipse.m2e.core.internal.Bundles - 	Entry: C:\Users\fatmagül\.p2\pool\plugins\org.eclipse.m2e.maven.runtime_3.9.700.20240602-2313\jars\aopalliance-1.0.jar
2025-12-29 01:35:21,009 [Worker-56: Launching Executing test in C__Users_fatmagül_Desktop_Alisveris-Sitesi---backend-main_Alisveris-Sitesi---backend-main] INFO  o.eclipse.m2e.core.internal.Bundles - 	Entry: C:\Users\fatmagül\.p2\pool\plugins\org.eclipse.m2e.maven.runtime_3.9.700.20240602-2313\jars\guice-5.1.0.jar
2025-12-29 01:35:21,009 [Worker-56: Launching Executing test in C__Users_fatmagül_Desktop_Alisveris-Sitesi---backend-main_Alisveris-Sitesi---backend-main] INFO  o.eclipse.m2e.core.internal.Bundles - 	Entry: C:\Users\fatmagül\.p2\pool\plugins\org.eclipse.m2e.maven.runtime_3.9.700.20240602-2313\jars\httpclient-4.5.14.jar
2025-12-29 01:35:21,009 [Worker-56: Launching Executing test in C__Users_fatmagül_Desktop_Alisveris-Sitesi---backend-main_Alisveris-Sitesi---backend-main] INFO  o.eclipse.m2e.core.internal.Bundles - 	Entry: C:\Users\fatmagül\.p2\pool\plugins\org.eclipse.m2e.maven.runtime_3.9.700.20240602-2313\jars\httpcore-4.4.16.jar
2025-12-29 01:35:21,009 [Worker-56: Launching Executing test in C__Users_fatmagül_Desktop_Alisveris-Sitesi---backend-main_Alisveris-Sitesi---backend-main] INFO  o.eclipse.m2e.core.internal.Bundles - 	Entry: C:\Users\fatmagül\.p2\pool\plugins\org.eclipse.m2e.maven.runtime_3.9.700.20240602-2313\jars\jansi-2.4.1.jar
2025-12-29 01:35:21,009 [Worker-56: Launching Executing test in C__Users_fatmagül_Desktop_Alisveris-Sitesi---backend-main_Alisveris-Sitesi---backend-main] INFO  o.eclipse.m2e.core.internal.Bundles - 	Entry: C:\Users\fatmagül\.p2\pool\plugins\org.eclipse.m2e.maven.runtime_3.9.700.20240602-2313\jars\jcl-over-slf4j-1.7.36.jar
2025-12-29 01:35:21,009 [Worker-56: Launching Executing test in C__Users_fatmagül_Desktop_Alisveris-Sitesi---backend-main_Alisveris-Sitesi---backend-main] INFO  o.eclipse.m2e.core.internal.Bundles - 	Entry: C:\Users\fatmagül\.p2\pool\plugins\org.eclipse.m2e.maven.runtime_3.9.700.20240602-2313\jars\maven-artifact-3.9.7.jar
2025-12-29 01:35:21,009 [Worker-56: Launching Executing test in C__Users_fatmagül_Desktop_Alisveris-Sitesi---backend-main_Alisveris-Sitesi---backend-main] INFO  o.eclipse.m2e.core.internal.Bundles - 	Entry: C:\Users\fatmagül\.p2\pool\plugins\org.eclipse.m2e.maven.runtime_3.9.700.20240602-2313\jars\maven-builder-support-3.9.7.jar
2025-12-29 01:35:21,010 [Worker-56: Launching Executing test in C__Users_fatmagül_Desktop_Alisveris-Sitesi---backend-main_Alisveris-Sitesi---backend-main] INFO  o.eclipse.m2e.core.internal.Bundles - 	Entry: C:\Users\fatmagül\.p2\pool\plugins\org.eclipse.m2e.maven.runtime_3.9.700.20240602-2313\jars\maven-compat-3.9.7.jar
2025-12-29 01:35:21,010 [Worker-56: Launching Executing test in C__Users_fatmagül_Desktop_Alisveris-Sitesi---backend-main_Alisveris-Sitesi---backend-main] INFO  o.eclipse.m2e.core.internal.Bundles - 	Entry: C:\Users\fatmagül\.p2\pool\plugins\org.eclipse.m2e.maven.runtime_3.9.700.20240602-2313\jars\maven-core-3.9.7.jar
2025-12-29 01:35:21,010 [Worker-56: Launching Executing test in C__Users_fatmagül_Desktop_Alisveris-Sitesi---backend-main_Alisveris-Sitesi---backend-main] INFO  o.eclipse.m2e.core.internal.Bundles - 	Entry: C:\Users\fatmagül\.p2\pool\plugins\org.eclipse.m2e.maven.runtime_3.9.700.20240602-2313\jars\maven-embedder-3.9.7.jar
2025-12-29 01:35:21,010 [Worker-56: Launching Executing test in C__Users_fatmagül_Desktop_Alisveris-Sitesi---backend-main_Alisveris-Sitesi---backend-main] INFO  o.eclipse.m2e.core.internal.Bundles - 	Entry: C:\Users\fatmagül\.p2\pool\plugins\org.eclipse.m2e.maven.runtime_3.9.700.20240602-2313\jars\maven-model-3.9.7.jar
2025-12-29 01:35:21,010 [Worker-56: Launching Executing test in C__Users_fatmagül_Desktop_Alisveris-Sitesi---backend-main_Alisveris-Sitesi---backend-main] INFO  o.eclipse.m2e.core.internal.Bundles - 	Entry: C:\Users\fatmagül\.p2\pool\plugins\org.eclipse.m2e.maven.runtime_3.9.700.20240602-2313\jars\maven-model-builder-3.9.7.jar
2025-12-29 01:35:21,010 [Worker-56: Launching Executing test in C__Users_fatmagül_Desktop_Alisveris-Sitesi---backend-main_Alisveris-Sitesi---backend-main] INFO  o.eclipse.m2e.core.internal.Bundles - 	Entry: C:\Users\fatmagül\.p2\pool\plugins\org.eclipse.m2e.maven.runtime_3.9.700.20240602-2313\jars\maven-plugin-api-3.9.7.jar
2025-12-29 01:35:21,011 [Worker-56: Launching Executing test in C__Users_fatmagül_Desktop_Alisveris-Sitesi---backend-main_Alisveris-Sitesi---backend-main] INFO  o.eclipse.m2e.core.internal.Bundles - 	Entry: C:\Users\fatmagül\.p2\pool\plugins\org.eclipse.m2e.maven.runtime_3.9.700.20240602-2313\jars\maven-repository-metadata-3.9.7.jar
2025-12-29 01:35:21,011 [Worker-56: Launching Executing test in C__Users_fatmagül_Desktop_Alisveris-Sitesi---backend-main_Alisveris-Sitesi---backend-main] INFO  o.eclipse.m2e.core.internal.Bundles - 	Entry: C:\Users\fatmagül\.p2\pool\plugins\org.eclipse.m2e.maven.runtime_3.9.700.20240602-2313\jars\maven-resolver-api-1.9.20.jar
2025-12-29 01:35:21,011 [Worker-56: Launching Executing test in C__Users_fatmagül_Desktop_Alisveris-Sitesi---backend-main_Alisveris-Sitesi---backend-main] INFO  o.eclipse.m2e.core.internal.Bundles - 	Entry: C:\Users\fatmagül\.p2\pool\plugins\org.eclipse.m2e.maven.runtime_3.9.700.20240602-2313\jars\maven-resolver-connector-basic-1.9.20.jar
2025-12-29 01:35:21,011 [Worker-56: Launching Executing test in C__Users_fatmagül_Desktop_Alisveris-Sitesi---backend-main_Alisveris-Sitesi---backend-main] INFO  o.eclipse.m2e.core.internal.Bundles - 	Entry: C:\Users\fatmagül\.p2\pool\plugins\org.eclipse.m2e.maven.runtime_3.9.700.20240602-2313\jars\maven-resolver-impl-1.9.20.jar
2025-12-29 01:35:21,011 [Worker-56: Launching Executing test in C__Users_fatmagül_Desktop_Alisveris-Sitesi---backend-main_Alisveris-Sitesi---backend-main] INFO  o.eclipse.m2e.core.internal.Bundles - 	Entry: C:\Users\fatmagül\.p2\pool\plugins\org.eclipse.m2e.maven.runtime_3.9.700.20240602-2313\jars\maven-resolver-named-locks-1.9.20.jar
2025-12-29 01:35:21,011 [Worker-56: Launching Executing test in C__Users_fatmagül_Desktop_Alisveris-Sitesi---backend-main_Alisveris-Sitesi---backend-main] INFO  o.eclipse.m2e.core.internal.Bundles - 	Entry: C:\Users\fatmagül\.p2\pool\plugins\org.eclipse.m2e.maven.runtime_3.9.700.20240602-2313\jars\maven-resolver-provider-3.9.7.jar
2025-12-29 01:35:21,012 [Worker-56: Launching Executing test in C__Users_fatmagül_Desktop_Alisveris-Sitesi---backend-main_Alisveris-Sitesi---backend-main] INFO  o.eclipse.m2e.core.internal.Bundles - 	Entry: C:\Users\fatmagül\.p2\pool\plugins\org.eclipse.m2e.maven.runtime_3.9.700.20240602-2313\jars\maven-resolver-spi-1.9.20.jar
2025-12-29 01:35:21,012 [Worker-56: Launching Executing test in C__Users_fatmagül_Desktop_Alisveris-Sitesi---backend-main_Alisveris-Sitesi---backend-main] INFO  o.eclipse.m2e.core.internal.Bundles - 	Entry: C:\Users\fatmagül\.p2\pool\plugins\org.eclipse.m2e.maven.runtime_3.9.700.20240602-2313\jars\maven-resolver-transport-file-1.9.20.jar
2025-12-29 01:35:21,012 [Worker-56: Launching Executing test in C__Users_fatmagül_Desktop_Alisveris-Sitesi---backend-main_Alisveris-Sitesi---backend-main] INFO  o.eclipse.m2e.core.internal.Bundles - 	Entry: C:\Users\fatmagül\.p2\pool\plugins\org.eclipse.m2e.maven.runtime_3.9.700.20240602-2313\jars\maven-resolver-transport-http-1.9.20.jar
2025-12-29 01:35:21,012 [Worker-56: Launching Executing test in C__Users_fatmagül_Desktop_Alisveris-Sitesi---backend-main_Alisveris-Sitesi---backend-main] INFO  o.eclipse.m2e.core.internal.Bundles - 	Entry: C:\Users\fatmagül\.p2\pool\plugins\org.eclipse.m2e.maven.runtime_3.9.700.20240602-2313\jars\maven-resolver-transport-wagon-1.9.20.jar
2025-12-29 01:35:21,012 [Worker-56: Launching Executing test in C__Users_fatmagül_Desktop_Alisveris-Sitesi---backend-main_Alisveris-Sitesi---backend-main] INFO  o.eclipse.m2e.core.internal.Bundles - 	Entry: C:\Users\fatmagül\.p2\pool\plugins\org.eclipse.m2e.maven.runtime_3.9.700.20240602-2313\jars\maven-resolver-util-1.9.20.jar
2025-12-29 01:35:21,013 [Worker-56: Launching Executing test in C__Users_fatmagül_Desktop_Alisveris-Sitesi---backend-main_Alisveris-Sitesi---backend-main] INFO  o.eclipse.m2e.core.internal.Bundles - 	Entry: C:\Users\fatmagül\.p2\pool\plugins\org.eclipse.m2e.maven.runtime_3.9.700.20240602-2313\jars\maven-settings-3.9.7.jar
2025-12-29 01:35:21,013 [Worker-56: Launching Executing test in C__Users_fatmagül_Desktop_Alisveris-Sitesi---backend-main_Alisveris-Sitesi---backend-main] INFO  o.eclipse.m2e.core.internal.Bundles - 	Entry: C:\Users\fatmagül\.p2\pool\plugins\org.eclipse.m2e.maven.runtime_3.9.700.20240602-2313\jars\maven-settings-builder-3.9.7.jar
2025-12-29 01:35:21,013 [Worker-56: Launching Executing test in C__Users_fatmagül_Desktop_Alisveris-Sitesi---backend-main_Alisveris-Sitesi---backend-main] INFO  o.eclipse.m2e.core.internal.Bundles - 	Entry: C:\Users\fatmagül\.p2\pool\plugins\org.eclipse.m2e.maven.runtime_3.9.700.20240602-2313\jars\maven-shared-utils-3.4.2.jar
2025-12-29 01:35:21,013 [Worker-56: Launching Executing test in C__Users_fatmagül_Desktop_Alisveris-Sitesi---backend-main_Alisveris-Sitesi---backend-main] INFO  o.eclipse.m2e.core.internal.Bundles - 	Entry: C:\Users\fatmagül\.p2\pool\plugins\org.eclipse.m2e.maven.runtime_3.9.700.20240602-2313\jars\org.eclipse.sisu.inject-0.9.0.M2.jar
2025-12-29 01:35:21,013 [Worker-56: Launching Executing test in C__Users_fatmagül_Desktop_Alisveris-Sitesi---backend-main_Alisveris-Sitesi---backend-main] INFO  o.eclipse.m2e.core.internal.Bundles - 	Entry: C:\Users\fatmagül\.p2\pool\plugins\org.eclipse.m2e.maven.runtime_3.9.700.20240602-2313\jars\org.eclipse.sisu.plexus-0.9.0.M2.jar
2025-12-29 01:35:21,014 [Worker-56: Launching Executing test in C__Users_fatmagül_Desktop_Alisveris-Sitesi---backend-main_Alisveris-Sitesi---backend-main] INFO  o.eclipse.m2e.core.internal.Bundles - 	Entry: C:\Users\fatmagül\.p2\pool\plugins\org.eclipse.m2e.maven.runtime_3.9.700.20240602-2313\jars\plexus-build-api-0.0.7.jar
2025-12-29 01:35:21,014 [Worker-56: Launching Executing test in C__Users_fatmagül_Desktop_Alisveris-Sitesi---backend-main_Alisveris-Sitesi---backend-main] INFO  o.eclipse.m2e.core.internal.Bundles - 	Entry: C:\Users\fatmagül\.p2\pool\plugins\org.eclipse.m2e.maven.runtime_3.9.700.20240602-2313\jars\plexus-build-api-1.2.0.jar
2025-12-29 01:35:21,014 [Worker-56: Launching Executing test in C__Users_fatmagül_Desktop_Alisveris-Sitesi---backend-main_Alisveris-Sitesi---backend-main] INFO  o.eclipse.m2e.core.internal.Bundles - 	Entry: C:\Users\fatmagül\.p2\pool\plugins\org.eclipse.m2e.maven.runtime_3.9.700.20240602-2313\jars\plexus-cipher-2.0.jar
2025-12-29 01:35:21,014 [Worker-56: Launching Executing test in C__Users_fatmagül_Desktop_Alisveris-Sitesi---backend-main_Alisveris-Sitesi---backend-main] INFO  o.eclipse.m2e.core.internal.Bundles - 	Entry: C:\Users\fatmagül\.p2\pool\plugins\org.eclipse.m2e.maven.runtime_3.9.700.20240602-2313\jars\plexus-classworlds-2.8.0.jar
2025-12-29 01:35:21,015 [Worker-56: Launching Executing test in C__Users_fatmagül_Desktop_Alisveris-Sitesi---backend-main_Alisveris-Sitesi---backend-main] INFO  o.eclipse.m2e.core.internal.Bundles - 	Entry: C:\Users\fatmagül\.p2\pool\plugins\org.eclipse.m2e.maven.runtime_3.9.700.20240602-2313\jars\plexus-component-annotations-2.1.0.jar
2025-12-29 01:35:21,015 [Worker-56: Launching Executing test in C__Users_fatmagül_Desktop_Alisveris-Sitesi---backend-main_Alisveris-Sitesi---backend-main] INFO  o.eclipse.m2e.core.internal.Bundles - 	Entry: C:\Users\fatmagül\.p2\pool\plugins\org.eclipse.m2e.maven.runtime_3.9.700.20240602-2313\jars\plexus-interpolation-1.27.jar
2025-12-29 01:35:21,015 [Worker-56: Launching Executing test in C__Users_fatmagül_Desktop_Alisveris-Sitesi---backend-main_Alisveris-Sitesi---backend-main] INFO  o.eclipse.m2e.core.internal.Bundles - 	Entry: C:\Users\fatmagül\.p2\pool\plugins\org.eclipse.m2e.maven.runtime_3.9.700.20240602-2313\jars\plexus-sec-dispatcher-2.0.jar
2025-12-29 01:35:21,016 [Worker-56: Launching Executing test in C__Users_fatmagül_Desktop_Alisveris-Sitesi---backend-main_Alisveris-Sitesi---backend-main] INFO  o.eclipse.m2e.core.internal.Bundles - 	Entry: C:\Users\fatmagül\.p2\pool\plugins\org.eclipse.m2e.maven.runtime_3.9.700.20240602-2313\jars\plexus-utils-3.5.1.jar
2025-12-29 01:35:21,016 [Worker-56: Launching Executing test in C__Users_fatmagül_Desktop_Alisveris-Sitesi---backend-main_Alisveris-Sitesi---backend-main] INFO  o.eclipse.m2e.core.internal.Bundles - 	Entry: C:\Users\fatmagül\.p2\pool\plugins\org.eclipse.m2e.maven.runtime_3.9.700.20240602-2313\jars\wagon-file-3.5.3.jar
2025-12-29 01:35:21,016 [Worker-56: Launching Executing test in C__Users_fatmagül_Desktop_Alisveris-Sitesi---backend-main_Alisveris-Sitesi---backend-main] INFO  o.eclipse.m2e.core.internal.Bundles - 	Entry: C:\Users\fatmagül\.p2\pool\plugins\org.eclipse.m2e.maven.runtime_3.9.700.20240602-2313\jars\wagon-http-3.5.3.jar
2025-12-29 01:35:21,016 [Worker-56: Launching Executing test in C__Users_fatmagül_Desktop_Alisveris-Sitesi---backend-main_Alisveris-Sitesi---backend-main] INFO  o.eclipse.m2e.core.internal.Bundles - 	Entry: C:\Users\fatmagül\.p2\pool\plugins\org.eclipse.m2e.maven.runtime_3.9.700.20240602-2313\jars\wagon-http-shared-3.5.3.jar
2025-12-29 01:35:21,016 [Worker-56: Launching Executing test in C__Users_fatmagül_Desktop_Alisveris-Sitesi---backend-main_Alisveris-Sitesi---backend-main] INFO  o.eclipse.m2e.core.internal.Bundles - 	Entry: C:\Users\fatmagül\.p2\pool\plugins\org.eclipse.m2e.maven.runtime_3.9.700.20240602-2313\jars\wagon-provider-api-3.5.3.jar
2025-12-29 01:35:21,017 [Worker-56: Launching Executing test in C__Users_fatmagül_Desktop_Alisveris-Sitesi---backend-main_Alisveris-Sitesi---backend-main] INFO  o.eclipse.m2e.core.internal.Bundles - getClasspathEntries(Bundle=com.google.guava_33.2.0.jre [16])
2025-12-29 01:35:21,018 [Worker-56: Launching Executing test in C__Users_fatmagül_Desktop_Alisveris-Sitesi---backend-main_Alisveris-Sitesi---backend-main] INFO  o.eclipse.m2e.core.internal.Bundles - 	Entry: C:\Users\fatmagül\.p2\pool\plugins\com.google.guava_33.2.0.jre.jar
2025-12-29 01:35:21,018 [Worker-56: Launching Executing test in C__Users_fatmagül_Desktop_Alisveris-Sitesi---backend-main_Alisveris-Sitesi---backend-main] INFO  o.eclipse.m2e.core.internal.Bundles - getClasspathEntries(Bundle=slf4j.api_2.0.13 [1009])
2025-12-29 01:35:21,019 [Worker-56: Launching Executing test in C__Users_fatmagül_Desktop_Alisveris-Sitesi---backend-main_Alisveris-Sitesi---backend-main] INFO  o.eclipse.m2e.core.internal.Bundles - 	Entry: C:\Users\fatmagül\.p2\pool\plugins\slf4j.api_2.0.13.jar
2025-12-29 01:35:21,019 [Worker-56: Launching Executing test in C__Users_fatmagül_Desktop_Alisveris-Sitesi---backend-main_Alisveris-Sitesi---backend-main] INFO  o.eclipse.m2e.core.internal.Bundles - getClasspathEntries(Bundle=jakarta.inject.jakarta.inject-api_1.0.5 [33])
2025-12-29 01:35:21,019 [Worker-56: Launching Executing test in C__Users_fatmagül_Desktop_Alisveris-Sitesi---backend-main_Alisveris-Sitesi---backend-main] INFO  o.eclipse.m2e.core.internal.Bundles - 	Entry: C:\Users\fatmagül\.p2\pool\plugins\jakarta.inject.jakarta.inject-api_1.0.5.jar
2025-12-29 01:35:21,019 [Worker-56: Launching Executing test in C__Users_fatmagül_Desktop_Alisveris-Sitesi---backend-main_Alisveris-Sitesi---backend-main] INFO  o.eclipse.m2e.core.internal.Bundles - getClasspathEntries(Bundle=javax.annotation_1.3.5.v20200909-1856 [44])
2025-12-29 01:35:21,020 [Worker-56: Launching Executing test in C__Users_fatmagül_Desktop_Alisveris-Sitesi---backend-main_Alisveris-Sitesi---backend-main] INFO  o.eclipse.m2e.core.internal.Bundles - 	Entry: C:\Users\fatmagül\.p2\pool\plugins\javax.annotation_1.3.5.v20200909-1856.jar
2025-12-29 01:35:21,020 [Worker-56: Launching Executing test in C__Users_fatmagül_Desktop_Alisveris-Sitesi---backend-main_Alisveris-Sitesi---backend-main] INFO  o.eclipse.m2e.core.internal.Bundles - getClasspathEntries(Bundle=org.apache.commons.cli_1.8.0 [78])
2025-12-29 01:35:21,020 [Worker-56: Launching Executing test in C__Users_fatmagül_Desktop_Alisveris-Sitesi---backend-main_Alisveris-Sitesi---backend-main] INFO  o.eclipse.m2e.core.internal.Bundles - 	Entry: C:\Users\fatmagül\.p2\pool\plugins\org.apache.commons.cli_1.8.0.jar
2025-12-29 01:35:21,020 [Worker-56: Launching Executing test in C__Users_fatmagül_Desktop_Alisveris-Sitesi---backend-main_Alisveris-Sitesi---backend-main] INFO  o.eclipse.m2e.core.internal.Bundles - getClasspathEntries(Bundle=org.apache.commons.commons-codec_1.16.0 [81])
2025-12-29 01:35:21,021 [Worker-56: Launching Executing test in C__Users_fatmagül_Desktop_Alisveris-Sitesi---backend-main_Alisveris-Sitesi---backend-main] INFO  o.eclipse.m2e.core.internal.Bundles - 	Entry: C:\Users\fatmagül\.p2\pool\plugins\org.apache.commons.commons-codec_1.16.0.jar
2025-12-29 01:35:21,021 [Worker-56: Launching Executing test in C__Users_fatmagül_Desktop_Alisveris-Sitesi---backend-main_Alisveris-Sitesi---backend-main] INFO  o.eclipse.m2e.core.internal.Bundles - getClasspathEntries(Bundle=org.apache.commons.lang3_3.14.0 [89])
2025-12-29 01:35:21,021 [Worker-56: Launching Executing test in C__Users_fatmagül_Desktop_Alisveris-Sitesi---backend-main_Alisveris-Sitesi---backend-main] INFO  o.eclipse.m2e.core.internal.Bundles - 	Entry: C:\Users\fatmagül\.p2\pool\plugins\org.apache.commons.lang3_3.14.0.jar
2025-12-29 01:35:21,022 [Worker-56: Launching Executing test in C__Users_fatmagül_Desktop_Alisveris-Sitesi---backend-main_Alisveris-Sitesi---backend-main] INFO  o.eclipse.m2e.core.internal.Bundles - getClasspathEntries(Bundle=com.google.guava.failureaccess_1.0.2 [17])
2025-12-29 01:35:21,022 [Worker-56: Launching Executing test in C__Users_fatmagül_Desktop_Alisveris-Sitesi---backend-main_Alisveris-Sitesi---backend-main] INFO  o.eclipse.m2e.core.internal.Bundles - 	Entry: C:\Users\fatmagül\.p2\pool\plugins\com.google.guava.failureaccess_1.0.2.jar
2025-12-29 01:35:21,026 [Worker-56: Launching Executing test in C__Users_fatmagül_Desktop_Alisveris-Sitesi---backend-main_Alisveris-Sitesi---backend-main] INFO  o.e.m.i.launch.MavenLaunchDelegate - Run build in "C:\Users\fatmagül\Desktop\Alisveris-Sitesi---backend-main\Alisveris-Sitesi---backend-main":
2025-12-29 01:35:21,026 [Worker-56: Launching Executing test in C__Users_fatmagül_Desktop_Alisveris-Sitesi---backend-main_Alisveris-Sitesi---backend-main] INFO  o.e.m.i.launch.MavenLaunchDelegate -  mvn  -B -Dstyle.color=always test
2025-12-29 01:36:33,996 [Worker-61: Launching CategoryIntegrationTest] INFO  o.a.m.s.f.DefaultMavenResourcesFiltering - Copying 0 resource from src\main\resources to target\classes
2025-12-29 01:36:33,997 [Worker-61: Launching CategoryIntegrationTest] INFO  o.a.m.s.f.DefaultMavenResourcesFiltering - Copying 0 resource from src\main\resources to target\classes
2025-12-29 01:36:33,999 [Worker-61: Launching CategoryIntegrationTest] INFO  o.a.m.s.f.DefaultMavenResourcesFiltering - skip non existing resourceDirectory C:\Users\fatmagül\Desktop\Alisveris-Sitesi---backend-main\Alisveris-Sitesi---backend-main\src\test\resources
2025-12-29 01:37:42,225 [Worker-52: Building] INFO  o.a.m.s.f.DefaultMavenResourcesFiltering - Copying 0 resource from src\main\resources to target\classes
2025-12-29 01:37:42,225 [Worker-52: Building] INFO  o.a.m.s.f.DefaultMavenResourcesFiltering - Copying 0 resource from src\main\resources to target\classes
2025-12-29 01:37:42,229 [Worker-52: Building] INFO  o.a.m.s.f.DefaultMavenResourcesFiltering - skip non existing resourceDirectory C:\Users\fatmagül\Desktop\Alisveris-Sitesi---backend-main\Alisveris-Sitesi---backend-main\src\test\resources
2025-12-29 01:43:32,349 [Worker-57: Building] INFO  o.a.m.s.f.DefaultMavenResourcesFiltering - Copying 1 resource from src\main\resources to target\classes
2025-12-29 01:43:32,357 [Worker-57: Building] INFO  o.a.m.s.f.DefaultMavenResourcesFiltering - Copying 0 resource from src\main\resources to target\classes
2025-12-29 01:43:32,360 [Worker-57: Building] INFO  o.a.m.s.f.DefaultMavenResourcesFiltering - skip non existing resourceDirectory C:\Users\fatmagül\Desktop\Alisveris-Sitesi---backend-main\Alisveris-Sitesi---backend-main\src\test\resources
2025-12-29 01:45:53,368 [Worker-53: Building] INFO  o.a.m.s.f.DefaultMavenResourcesFiltering - Copying 0 resource from src\main\resources to target\classes
2025-12-29 01:45:53,369 [Worker-53: Building] INFO  o.a.m.s.f.DefaultMavenResourcesFiltering - Copying 0 resource from src\main\resources to target\classes
2025-12-29 01:45:53,372 [Worker-53: Building] INFO  o.a.m.s.f.DefaultMavenResourcesFiltering - skip non existing resourceDirectory C:\Users\fatmagül\Desktop\Alisveris-Sitesi---backend-main\Alisveris-Sitesi---backend-main\src\test\resources
2025-12-29 01:47:47,417 [Worker-62: Building] INFO  o.a.m.s.f.DefaultMavenResourcesFiltering - Copying 0 resource from src\main\resources to target\classes
2025-12-29 01:47:47,418 [Worker-62: Building] INFO  o.a.m.s.f.DefaultMavenResourcesFiltering - Copying 0 resource from src\main\resources to target\classes
2025-12-29 01:47:47,421 [Worker-62: Building] INFO  o.a.m.s.f.DefaultMavenResourcesFiltering - skip non existing resourceDirectory C:\Users\fatmagül\Desktop\Alisveris-Sitesi---backend-main\Alisveris-Sitesi---backend-main\src\test\resources
2025-12-29 01:50:12,081 [Worker-52: Building] INFO  o.a.m.s.f.DefaultMavenResourcesFiltering - Copying 0 resource from src\main\resources to target\classes
2025-12-29 01:50:12,082 [Worker-52: Building] INFO  o.a.m.s.f.DefaultMavenResourcesFiltering - Copying 0 resource from src\main\resources to target\classes
2025-12-29 01:50:12,085 [Worker-52: Building] INFO  o.a.m.s.f.DefaultMavenResourcesFiltering - skip non existing resourceDirectory C:\Users\fatmagül\Desktop\Alisveris-Sitesi---backend-main\Alisveris-Sitesi---backend-main\src\test\resources
2025-12-29 01:50:18,736 [Worker-56: Launching Executing test in C__Users_fatmagül_Desktop_Alisveris-Sitesi---backend-main_Alisveris-Sitesi---backend-main] INFO  o.eclipse.m2e.core.internal.Bundles - getClasspathEntries(Bundle=org.eclipse.m2e.maven.runtime_3.9.700.20240602-2313 [644])
2025-12-29 01:50:18,738 [Worker-56: Launching Executing test in C__Users_fatmagül_Desktop_Alisveris-Sitesi---backend-main_Alisveris-Sitesi---backend-main] INFO  o.eclipse.m2e.core.internal.Bundles - 	Entry: C:\Users\fatmagül\.p2\pool\plugins\org.eclipse.m2e.maven.runtime_3.9.700.20240602-2313
2025-12-29 01:50:18,739 [Worker-56: Launching Executing test in C__Users_fatmagül_Desktop_Alisveris-Sitesi---backend-main_Alisveris-Sitesi---backend-main] INFO  o.eclipse.m2e.core.internal.Bundles - 	Entry: C:\Users\fatmagül\.p2\pool\plugins\org.eclipse.m2e.maven.runtime_3.9.700.20240602-2313\jars\aopalliance-1.0.jar
2025-12-29 01:50:18,739 [Worker-56: Launching Executing test in C__Users_fatmagül_Desktop_Alisveris-Sitesi---backend-main_Alisveris-Sitesi---backend-main] INFO  o.eclipse.m2e.core.internal.Bundles - 	Entry: C:\Users\fatmagül\.p2\pool\plugins\org.eclipse.m2e.maven.runtime_3.9.700.20240602-2313\jars\guice-5.1.0.jar
2025-12-29 01:50:18,739 [Worker-56: Launching Executing test in C__Users_fatmagül_Desktop_Alisveris-Sitesi---backend-main_Alisveris-Sitesi---backend-main] INFO  o.eclipse.m2e.core.internal.Bundles - 	Entry: C:\Users\fatmagül\.p2\pool\plugins\org.eclipse.m2e.maven.runtime_3.9.700.20240602-2313\jars\httpclient-4.5.14.jar
2025-12-29 01:50:18,739 [Worker-56: Launching Executing test in C__Users_fatmagül_Desktop_Alisveris-Sitesi---backend-main_Alisveris-Sitesi---backend-main] INFO  o.eclipse.m2e.core.internal.Bundles - 	Entry: C:\Users\fatmagül\.p2\pool\plugins\org.eclipse.m2e.maven.runtime_3.9.700.20240602-2313\jars\httpcore-4.4.16.jar
2025-12-29 01:50:18,739 [Worker-56: Launching Executing test in C__Users_fatmagül_Desktop_Alisveris-Sitesi---backend-main_Alisveris-Sitesi---backend-main] INFO  o.eclipse.m2e.core.internal.Bundles - 	Entry: C:\Users\fatmagül\.p2\pool\plugins\org.eclipse.m2e.maven.runtime_3.9.700.20240602-2313\jars\jansi-2.4.1.jar
2025-12-29 01:50:18,739 [Worker-56: Launching Executing test in C__Users_fatmagül_Desktop_Alisveris-Sitesi---backend-main_Alisveris-Sitesi---backend-main] INFO  o.eclipse.m2e.core.internal.Bundles - 	Entry: C:\Users\fatmagül\.p2\pool\plugins\org.eclipse.m2e.maven.runtime_3.9.700.20240602-2313\jars\jcl-over-slf4j-1.7.36.jar
2025-12-29 01:50:18,739 [Worker-56: Launching Executing test in C__Users_fatmagül_Desktop_Alisveris-Sitesi---backend-main_Alisveris-Sitesi---backend-main] INFO  o.eclipse.m2e.core.internal.Bundles - 	Entry: C:\Users\fatmagül\.p2\pool\plugins\org.eclipse.m2e.maven.runtime_3.9.700.20240602-2313\jars\maven-artifact-3.9.7.jar
2025-12-29 01:50:18,740 [Worker-56: Launching Executing test in C__Users_fatmagül_Desktop_Alisveris-Sitesi---backend-main_Alisveris-Sitesi---backend-main] INFO  o.eclipse.m2e.core.internal.Bundles - 	Entry: C:\Users\fatmagül\.p2\pool\plugins\org.eclipse.m2e.maven.runtime_3.9.700.20240602-2313\jars\maven-builder-support-3.9.7.jar
2025-12-29 01:50:18,740 [Worker-56: Launching Executing test in C__Users_fatmagül_Desktop_Alisveris-Sitesi---backend-main_Alisveris-Sitesi---backend-main] INFO  o.eclipse.m2e.core.internal.Bundles - 	Entry: C:\Users\fatmagül\.p2\pool\plugins\org.eclipse.m2e.maven.runtime_3.9.700.20240602-2313\jars\maven-compat-3.9.7.jar
2025-12-29 01:50:18,740 [Worker-56: Launching Executing test in C__Users_fatmagül_Desktop_Alisveris-Sitesi---backend-main_Alisveris-Sitesi---backend-main] INFO  o.eclipse.m2e.core.internal.Bundles - 	Entry: C:\Users\fatmagül\.p2\pool\plugins\org.eclipse.m2e.maven.runtime_3.9.700.20240602-2313\jars\maven-core-3.9.7.jar
2025-12-29 01:50:18,740 [Worker-56: Launching Executing test in C__Users_fatmagül_Desktop_Alisveris-Sitesi---backend-main_Alisveris-Sitesi---backend-main] INFO  o.eclipse.m2e.core.internal.Bundles - 	Entry: C:\Users\fatmagül\.p2\pool\plugins\org.eclipse.m2e.maven.runtime_3.9.700.20240602-2313\jars\maven-embedder-3.9.7.jar
2025-12-29 01:50:18,740 [Worker-56: Launching Executing test in C__Users_fatmagül_Desktop_Alisveris-Sitesi---backend-main_Alisveris-Sitesi---backend-main] INFO  o.eclipse.m2e.core.internal.Bundles - 	Entry: C:\Users\fatmagül\.p2\pool\plugins\org.eclipse.m2e.maven.runtime_3.9.700.20240602-2313\jars\maven-model-3.9.7.jar
2025-12-29 01:50:18,740 [Worker-56: Launching Executing test in C__Users_fatmagül_Desktop_Alisveris-Sitesi---backend-main_Alisveris-Sitesi---backend-main] INFO  o.eclipse.m2e.core.internal.Bundles - 	Entry: C:\Users\fatmagül\.p2\pool\plugins\org.eclipse.m2e.maven.runtime_3.9.700.20240602-2313\jars\maven-model-builder-3.9.7.jar
2025-12-29 01:50:18,740 [Worker-56: Launching Executing test in C__Users_fatmagül_Desktop_Alisveris-Sitesi---backend-main_Alisveris-Sitesi---backend-main] INFO  o.eclipse.m2e.core.internal.Bundles - 	Entry: C:\Users\fatmagül\.p2\pool\plugins\org.eclipse.m2e.maven.runtime_3.9.700.20240602-2313\jars\maven-plugin-api-3.9.7.jar
2025-12-29 01:50:18,741 [Worker-56: Launching Executing test in C__Users_fatmagül_Desktop_Alisveris-Sitesi---backend-main_Alisveris-Sitesi---backend-main] INFO  o.eclipse.m2e.core.internal.Bundles - 	Entry: C:\Users\fatmagül\.p2\pool\plugins\org.eclipse.m2e.maven.runtime_3.9.700.20240602-2313\jars\maven-repository-metadata-3.9.7.jar
2025-12-29 01:50:18,741 [Worker-56: Launching Executing test in C__Users_fatmagül_Desktop_Alisveris-Sitesi---backend-main_Alisveris-Sitesi---backend-main] INFO  o.eclipse.m2e.core.internal.Bundles - 	Entry: C:\Users\fatmagül\.p2\pool\plugins\org.eclipse.m2e.maven.runtime_3.9.700.20240602-2313\jars\maven-resolver-api-1.9.20.jar
2025-12-29 01:50:18,741 [Worker-56: Launching Executing test in C__Users_fatmagül_Desktop_Alisveris-Sitesi---backend-main_Alisveris-Sitesi---backend-main] INFO  o.eclipse.m2e.core.internal.Bundles - 	Entry: C:\Users\fatmagül\.p2\pool\plugins\org.eclipse.m2e.maven.runtime_3.9.700.20240602-2313\jars\maven-resolver-connector-basic-1.9.20.jar
2025-12-29 01:50:18,741 [Worker-56: Launching Executing test in C__Users_fatmagül_Desktop_Alisveris-Sitesi---backend-main_Alisveris-Sitesi---backend-main] INFO  o.eclipse.m2e.core.internal.Bundles - 	Entry: C:\Users\fatmagül\.p2\pool\plugins\org.eclipse.m2e.maven.runtime_3.9.700.20240602-2313\jars\maven-resolver-impl-1.9.20.jar
2025-12-29 01:50:18,741 [Worker-56: Launching Executing test in C__Users_fatmagül_Desktop_Alisveris-Sitesi---backend-main_Alisveris-Sitesi---backend-main] INFO  o.eclipse.m2e.core.internal.Bundles - 	Entry: C:\Users\fatmagül\.p2\pool\plugins\org.eclipse.m2e.maven.runtime_3.9.700.20240602-2313\jars\maven-resolver-named-locks-1.9.20.jar
2025-12-29 01:50:18,741 [Worker-56: Launching Executing test in C__Users_fatmagül_Desktop_Alisveris-Sitesi---backend-main_Alisveris-Sitesi---backend-main] INFO  o.eclipse.m2e.core.internal.Bundles - 	Entry: C:\Users\fatmagül\.p2\pool\plugins\org.eclipse.m2e.maven.runtime_3.9.700.20240602-2313\jars\maven-resolver-provider-3.9.7.jar
2025-12-29 01:50:18,741 [Worker-56: Launching Executing test in C__Users_fatmagül_Desktop_Alisveris-Sitesi---backend-main_Alisveris-Sitesi---backend-main] INFO  o.eclipse.m2e.core.internal.Bundles - 	Entry: C:\Users\fatmagül\.p2\pool\plugins\org.eclipse.m2e.maven.runtime_3.9.700.20240602-2313\jars\maven-resolver-spi-1.9.20.jar
2025-12-29 01:50:18,742 [Worker-56: Launching Executing test in C__Users_fatmagül_Desktop_Alisveris-Sitesi---backend-main_Alisveris-Sitesi---backend-main] INFO  o.eclipse.m2e.core.internal.Bundles - 	Entry: C:\Users\fatmagül\.p2\pool\plugins\org.eclipse.m2e.maven.runtime_3.9.700.20240602-2313\jars\maven-resolver-transport-file-1.9.20.jar
2025-12-29 01:50:18,742 [Worker-56: Launching Executing test in C__Users_fatmagül_Desktop_Alisveris-Sitesi---backend-main_Alisveris-Sitesi---backend-main] INFO  o.eclipse.m2e.core.internal.Bundles - 	Entry: C:\Users\fatmagül\.p2\pool\plugins\org.eclipse.m2e.maven.runtime_3.9.700.20240602-2313\jars\maven-resolver-transport-http-1.9.20.jar
2025-12-29 01:50:18,742 [Worker-56: Launching Executing test in C__Users_fatmagül_Desktop_Alisveris-Sitesi---backend-main_Alisveris-Sitesi---backend-main] INFO  o.eclipse.m2e.core.internal.Bundles - 	Entry: C:\Users\fatmagül\.p2\pool\plugins\org.eclipse.m2e.maven.runtime_3.9.700.20240602-2313\jars\maven-resolver-transport-wagon-1.9.20.jar
2025-12-29 01:50:18,742 [Worker-56: Launching Executing test in C__Users_fatmagül_Desktop_Alisveris-Sitesi---backend-main_Alisveris-Sitesi---backend-main] INFO  o.eclipse.m2e.core.internal.Bundles - 	Entry: C:\Users\fatmagül\.p2\pool\plugins\org.eclipse.m2e.maven.runtime_3.9.700.20240602-2313\jars\maven-resolver-util-1.9.20.jar
2025-12-29 01:50:18,742 [Worker-56: Launching Executing test in C__Users_fatmagül_Desktop_Alisveris-Sitesi---backend-main_Alisveris-Sitesi---backend-main] INFO  o.eclipse.m2e.core.internal.Bundles - 	Entry: C:\Users\fatmagül\.p2\pool\plugins\org.eclipse.m2e.maven.runtime_3.9.700.20240602-2313\jars\maven-settings-3.9.7.jar
2025-12-29 01:50:18,742 [Worker-56: Launching Executing test in C__Users_fatmagül_Desktop_Alisveris-Sitesi---backend-main_Alisveris-Sitesi---backend-main] INFO  o.eclipse.m2e.core.internal.Bundles - 	Entry: C:\Users\fatmagül\.p2\pool\plugins\org.eclipse.m2e.maven.runtime_3.9.700.20240602-2313\jars\maven-settings-builder-3.9.7.jar
2025-12-29 01:50:18,742 [Worker-56: Launching Executing test in C__Users_fatmagül_Desktop_Alisveris-Sitesi---backend-main_Alisveris-Sitesi---backend-main] INFO  o.eclipse.m2e.core.internal.Bundles - 	Entry: C:\Users\fatmagül\.p2\pool\plugins\org.eclipse.m2e.maven.runtime_3.9.700.20240602-2313\jars\maven-shared-utils-3.4.2.jar
2025-12-29 01:50:18,742 [Worker-56: Launching Executing test in C__Users_fatmagül_Desktop_Alisveris-Sitesi---backend-main_Alisveris-Sitesi---backend-main] INFO  o.eclipse.m2e.core.internal.Bundles - 	Entry: C:\Users\fatmagül\.p2\pool\plugins\org.eclipse.m2e.maven.runtime_3.9.700.20240602-2313\jars\org.eclipse.sisu.inject-0.9.0.M2.jar
2025-12-29 01:50:18,742 [Worker-56: Launching Executing test in C__Users_fatmagül_Desktop_Alisveris-Sitesi---backend-main_Alisveris-Sitesi---backend-main] INFO  o.eclipse.m2e.core.internal.Bundles - 	Entry: C:\Users\fatmagül\.p2\pool\plugins\org.eclipse.m2e.maven.runtime_3.9.700.20240602-2313\jars\org.eclipse.sisu.plexus-0.9.0.M2.jar
2025-12-29 01:50:18,742 [Worker-56: Launching Executing test in C__Users_fatmagül_Desktop_Alisveris-Sitesi---backend-main_Alisveris-Sitesi---backend-main] INFO  o.eclipse.m2e.core.internal.Bundles - 	Entry: C:\Users\fatmagül\.p2\pool\plugins\org.eclipse.m2e.maven.runtime_3.9.700.20240602-2313\jars\plexus-build-api-0.0.7.jar
2025-12-29 01:50:18,743 [Worker-56: Launching Executing test in C__Users_fatmagül_Desktop_Alisveris-Sitesi---backend-main_Alisveris-Sitesi---backend-main] INFO  o.eclipse.m2e.core.internal.Bundles - 	Entry: C:\Users\fatmagül\.p2\pool\plugins\org.eclipse.m2e.maven.runtime_3.9.700.20240602-2313\jars\plexus-build-api-1.2.0.jar
2025-12-29 01:50:18,743 [Worker-56: Launching Executing test in C__Users_fatmagül_Desktop_Alisveris-Sitesi---backend-main_Alisveris-Sitesi---backend-main] INFO  o.eclipse.m2e.core.internal.Bundles - 	Entry: C:\Users\fatmagül\.p2\pool\plugins\org.eclipse.m2e.maven.runtime_3.9.700.20240602-2313\jars\plexus-cipher-2.0.jar
2025-12-29 01:50:18,743 [Worker-56: Launching Executing test in C__Users_fatmagül_Desktop_Alisveris-Sitesi---backend-main_Alisveris-Sitesi---backend-main] INFO  o.eclipse.m2e.core.internal.Bundles - 	Entry: C:\Users\fatmagül\.p2\pool\plugins\org.eclipse.m2e.maven.runtime_3.9.700.20240602-2313\jars\plexus-classworlds-2.8.0.jar
2025-12-29 01:50:18,743 [Worker-56: Launching Executing test in C__Users_fatmagül_Desktop_Alisveris-Sitesi---backend-main_Alisveris-Sitesi---backend-main] INFO  o.eclipse.m2e.core.internal.Bundles - 	Entry: C:\Users\fatmagül\.p2\pool\plugins\org.eclipse.m2e.maven.runtime_3.9.700.20240602-2313\jars\plexus-component-annotations-2.1.0.jar
2025-12-29 01:50:18,743 [Worker-56: Launching Executing test in C__Users_fatmagül_Desktop_Alisveris-Sitesi---backend-main_Alisveris-Sitesi---backend-main] INFO  o.eclipse.m2e.core.internal.Bundles - 	Entry: C:\Users\fatmagül\.p2\pool\plugins\org.eclipse.m2e.maven.runtime_3.9.700.20240602-2313\jars\plexus-interpolation-1.27.jar
2025-12-29 01:50:18,743 [Worker-56: Launching Executing test in C__Users_fatmagül_Desktop_Alisveris-Sitesi---backend-main_Alisveris-Sitesi---backend-main] INFO  o.eclipse.m2e.core.internal.Bundles - 	Entry: C:\Users\fatmagül\.p2\pool\plugins\org.eclipse.m2e.maven.runtime_3.9.700.20240602-2313\jars\plexus-sec-dispatcher-2.0.jar
2025-12-29 01:50:18,743 [Worker-56: Launching Executing test in C__Users_fatmagül_Desktop_Alisveris-Sitesi---backend-main_Alisveris-Sitesi---backend-main] INFO  o.eclipse.m2e.core.internal.Bundles - 	Entry: C:\Users\fatmagül\.p2\pool\plugins\org.eclipse.m2e.maven.runtime_3.9.700.20240602-2313\jars\plexus-utils-3.5.1.jar
2025-12-29 01:50:18,743 [Worker-56: Launching Executing test in C__Users_fatmagül_Desktop_Alisveris-Sitesi---backend-main_Alisveris-Sitesi---backend-main] INFO  o.eclipse.m2e.core.internal.Bundles - 	Entry: C:\Users\fatmagül\.p2\pool\plugins\org.eclipse.m2e.maven.runtime_3.9.700.20240602-2313\jars\wagon-file-3.5.3.jar
2025-12-29 01:50:18,743 [Worker-56: Launching Executing test in C__Users_fatmagül_Desktop_Alisveris-Sitesi---backend-main_Alisveris-Sitesi---backend-main] INFO  o.eclipse.m2e.core.internal.Bundles - 	Entry: C:\Users\fatmagül\.p2\pool\plugins\org.eclipse.m2e.maven.runtime_3.9.700.20240602-2313\jars\wagon-http-3.5.3.jar
2025-12-29 01:50:18,743 [Worker-56: Launching Executing test in C__Users_fatmagül_Desktop_Alisveris-Sitesi---backend-main_Alisveris-Sitesi---backend-main] INFO  o.eclipse.m2e.core.internal.Bundles - 	Entry: C:\Users\fatmagül\.p2\pool\plugins\org.eclipse.m2e.maven.runtime_3.9.700.20240602-2313\jars\wagon-http-shared-3.5.3.jar
2025-12-29 01:50:18,744 [Worker-56: Launching Executing test in C__Users_fatmagül_Desktop_Alisveris-Sitesi---backend-main_Alisveris-Sitesi---backend-main] INFO  o.eclipse.m2e.core.internal.Bundles - 	Entry: C:\Users\fatmagül\.p2\pool\plugins\org.eclipse.m2e.maven.runtime_3.9.700.20240602-2313\jars\wagon-provider-api-3.5.3.jar
2025-12-29 01:50:18,744 [Worker-56: Launching Executing test in C__Users_fatmagül_Desktop_Alisveris-Sitesi---backend-main_Alisveris-Sitesi---backend-main] INFO  o.eclipse.m2e.core.internal.Bundles - getClasspathEntries(Bundle=com.google.guava_33.2.0.jre [16])
2025-12-29 01:50:18,745 [Worker-56: Launching Executing test in C__Users_fatmagül_Desktop_Alisveris-Sitesi---backend-main_Alisveris-Sitesi---backend-main] INFO  o.eclipse.m2e.core.internal.Bundles - 	Entry: C:\Users\fatmagül\.p2\pool\plugins\com.google.guava_33.2.0.jre.jar
2025-12-29 01:50:18,745 [Worker-56: Launching Executing test in C__Users_fatmagül_Desktop_Alisveris-Sitesi---backend-main_Alisveris-Sitesi---backend-main] INFO  o.eclipse.m2e.core.internal.Bundles - getClasspathEntries(Bundle=slf4j.api_2.0.13 [1009])
2025-12-29 01:50:18,745 [Worker-56: Launching Executing test in C__Users_fatmagül_Desktop_Alisveris-Sitesi---backend-main_Alisveris-Sitesi---backend-main] INFO  o.eclipse.m2e.core.internal.Bundles - 	Entry: C:\Users\fatmagül\.p2\pool\plugins\slf4j.api_2.0.13.jar
2025-12-29 01:50:18,745 [Worker-56: Launching Executing test in C__Users_fatmagül_Desktop_Alisveris-Sitesi---backend-main_Alisveris-Sitesi---backend-main] INFO  o.eclipse.m2e.core.internal.Bundles - getClasspathEntries(Bundle=jakarta.inject.jakarta.inject-api_1.0.5 [33])
2025-12-29 01:50:18,746 [Worker-56: Launching Executing test in C__Users_fatmagül_Desktop_Alisveris-Sitesi---backend-main_Alisveris-Sitesi---backend-main] INFO  o.eclipse.m2e.core.internal.Bundles - 	Entry: C:\Users\fatmagül\.p2\pool\plugins\jakarta.inject.jakarta.inject-api_1.0.5.jar
2025-12-29 01:50:18,746 [Worker-56: Launching Executing test in C__Users_fatmagül_Desktop_Alisveris-Sitesi---backend-main_Alisveris-Sitesi---backend-main] INFO  o.eclipse.m2e.core.internal.Bundles - getClasspathEntries(Bundle=javax.annotation_1.3.5.v20200909-1856 [44])
2025-12-29 01:50:18,747 [Worker-56: Launching Executing test in C__Users_fatmagül_Desktop_Alisveris-Sitesi---backend-main_Alisveris-Sitesi---backend-main] INFO  o.eclipse.m2e.core.internal.Bundles - 	Entry: C:\Users\fatmagül\.p2\pool\plugins\javax.annotation_1.3.5.v20200909-1856.jar
2025-12-29 01:50:18,747 [Worker-56: Launching Executing test in C__Users_fatmagül_Desktop_Alisveris-Sitesi---backend-main_Alisveris-Sitesi---backend-main] INFO  o.eclipse.m2e.core.internal.Bundles - getClasspathEntries(Bundle=org.apache.commons.cli_1.8.0 [78])
2025-12-29 01:50:18,748 [Worker-56: Launching Executing test in C__Users_fatmagül_Desktop_Alisveris-Sitesi---backend-main_Alisveris-Sitesi---backend-main] INFO  o.eclipse.m2e.core.internal.Bundles - 	Entry: C:\Users\fatmagül\.p2\pool\plugins\org.apache.commons.cli_1.8.0.jar
2025-12-29 01:50:18,748 [Worker-56: Launching Executing test in C__Users_fatmagül_Desktop_Alisveris-Sitesi---backend-main_Alisveris-Sitesi---backend-main] INFO  o.eclipse.m2e.core.internal.Bundles - getClasspathEntries(Bundle=org.apache.commons.commons-codec_1.16.0 [81])
2025-12-29 01:50:18,748 [Worker-56: Launching Executing test in C__Users_fatmagül_Desktop_Alisveris-Sitesi---backend-main_Alisveris-Sitesi---backend-main] INFO  o.eclipse.m2e.core.internal.Bundles - 	Entry: C:\Users\fatmagül\.p2\pool\plugins\org.apache.commons.commons-codec_1.16.0.jar
2025-12-29 01:50:18,748 [Worker-56: Launching Executing test in C__Users_fatmagül_Desktop_Alisveris-Sitesi---backend-main_Alisveris-Sitesi---backend-main] INFO  o.eclipse.m2e.core.internal.Bundles - getClasspathEntries(Bundle=org.apache.commons.lang3_3.14.0 [89])
2025-12-29 01:50:18,749 [Worker-56: Launching Executing test in C__Users_fatmagül_Desktop_Alisveris-Sitesi---backend-main_Alisveris-Sitesi---backend-main] INFO  o.eclipse.m2e.core.internal.Bundles - 	Entry: C:\Users\fatmagül\.p2\pool\plugins\org.apache.commons.lang3_3.14.0.jar
2025-12-29 01:50:18,749 [Worker-56: Launching Executing test in C__Users_fatmagül_Desktop_Alisveris-Sitesi---backend-main_Alisveris-Sitesi---backend-main] INFO  o.eclipse.m2e.core.internal.Bundles - getClasspathEntries(Bundle=com.google.guava.failureaccess_1.0.2 [17])
2025-12-29 01:50:18,750 [Worker-56: Launching Executing test in C__Users_fatmagül_Desktop_Alisveris-Sitesi---backend-main_Alisveris-Sitesi---backend-main] INFO  o.eclipse.m2e.core.internal.Bundles - 	Entry: C:\Users\fatmagül\.p2\pool\plugins\com.google.guava.failureaccess_1.0.2.jar
2025-12-29 01:50:18,751 [Worker-56: Launching Executing test in C__Users_fatmagül_Desktop_Alisveris-Sitesi---backend-main_Alisveris-Sitesi---backend-main] INFO  o.e.m.i.launch.MavenLaunchDelegate - Run build in "C:\Users\fatmagül\Desktop\Alisveris-Sitesi---backend-main\Alisveris-Sitesi---backend-main":
2025-12-29 01:50:18,752 [Worker-56: Launching Executing test in C__Users_fatmagül_Desktop_Alisveris-Sitesi---backend-main_Alisveris-Sitesi---backend-main] INFO  o.e.m.i.launch.MavenLaunchDelegate -  mvn  -B -Dstyle.color=always test
2025-12-30 19:36:58,580 [Worker-5: Loading available Gradle versions] INFO  o.e.b.c.i.u.g.PublishedGradleVersions - Gradle version information cache is out-of-date. Trying to update.
2025-12-30 19:43:41,256 [Worker-20: Building] INFO  o.e.m.c.i.l.LifecycleMappingFactory - Using org.eclipse.m2e.jdt.JarLifecycleMapping lifecycle mapping for MavenProject: kodlamaio:northwind:0.0.1-SNAPSHOT @ C:\Users\fatmagül\Desktop\Alisveris-Sitesi---backend-main\Alisveris-Sitesi---backend-main\pom.xml.
2025-12-30 19:43:41,556 [Worker-20: Building] INFO  o.e.m.c.i.e.AbstractTransferListenerAdapter - Downloading https://repo.maven.apache.org/maven2/org/seleniumhq/selenium/selenium-java/4.18.1/selenium-java-4.18.1.pom
2025-12-30 19:43:41,576 [Worker-20: Building] INFO  o.e.m.c.i.e.AbstractTransferListenerAdapter - Downloaded https://repo.maven.apache.org/maven2/org/seleniumhq/selenium/selenium-java/4.18.1/selenium-java-4.18.1.pom
2025-12-30 19:43:41,625 [Worker-20: Building] INFO  o.e.m.c.i.e.AbstractTransferListenerAdapter - Downloading https://repo.maven.apache.org/maven2/org/seleniumhq/selenium/selenium-api/4.19.1/selenium-api-4.19.1.pom
2025-12-30 19:43:41,631 [Worker-20: Building] INFO  o.e.m.c.i.e.AbstractTransferListenerAdapter - Downloaded https://repo.maven.apache.org/maven2/org/seleniumhq/selenium/selenium-api/4.19.1/selenium-api-4.19.1.pom
2025-12-30 19:43:41,689 [Worker-20: Building] INFO  o.e.m.c.i.e.AbstractTransferListenerAdapter - Downloading https://repo.maven.apache.org/maven2/org/seleniumhq/selenium/selenium-chrome-driver/4.19.1/selenium-chrome-driver-4.19.1.pom
2025-12-30 19:43:41,693 [Worker-20: Building] INFO  o.e.m.c.i.e.AbstractTransferListenerAdapter - Downloaded https://repo.maven.apache.org/maven2/org/seleniumhq/selenium/selenium-chrome-driver/4.19.1/selenium-chrome-driver-4.19.1.pom
2025-12-30 19:43:41,747 [Worker-20: Building] INFO  o.e.m.c.i.e.AbstractTransferListenerAdapter - Downloading https://repo.maven.apache.org/maven2/org/seleniumhq/selenium/selenium-chromium-driver/4.19.1/selenium-chromium-driver-4.19.1.pom
2025-12-30 19:43:41,752 [Worker-20: Building] INFO  o.e.m.c.i.e.AbstractTransferListenerAdapter - Downloaded https://repo.maven.apache.org/maven2/org/seleniumhq/selenium/selenium-chromium-driver/4.19.1/selenium-chromium-driver-4.19.1.pom
2025-12-30 19:43:41,801 [Worker-20: Building] INFO  o.e.m.c.i.e.AbstractTransferListenerAdapter - Downloading https://repo.maven.apache.org/maven2/org/seleniumhq/selenium/selenium-json/4.19.1/selenium-json-4.19.1.pom
2025-12-30 19:43:41,806 [Worker-20: Building] INFO  o.e.m.c.i.e.AbstractTransferListenerAdapter - Downloaded https://repo.maven.apache.org/maven2/org/seleniumhq/selenium/selenium-json/4.19.1/selenium-json-4.19.1.pom
2025-12-30 19:43:41,884 [Worker-20: Building] INFO  o.e.m.c.i.e.AbstractTransferListenerAdapter - Downloading https://repo.maven.apache.org/maven2/org/seleniumhq/selenium/selenium-remote-driver/4.19.1/selenium-remote-driver-4.19.1.pom
2025-12-30 19:43:41,897 [Worker-20: Building] INFO  o.e.m.c.i.e.AbstractTransferListenerAdapter - Downloaded https://repo.maven.apache.org/maven2/org/seleniumhq/selenium/selenium-remote-driver/4.19.1/selenium-remote-driver-4.19.1.pom
2025-12-30 19:43:41,949 [Worker-20: Building] INFO  o.e.m.c.i.e.AbstractTransferListenerAdapter - Downloading https://repo.maven.apache.org/maven2/com/google/guava/guava/33.1.0-jre/guava-33.1.0-jre.pom
2025-12-30 19:43:41,958 [Worker-20: Building] INFO  o.e.m.c.i.e.AbstractTransferListenerAdapter - Downloaded https://repo.maven.apache.org/maven2/com/google/guava/guava/33.1.0-jre/guava-33.1.0-jre.pom
2025-12-30 19:43:42,064 [Worker-20: Building] INFO  o.e.m.c.i.e.AbstractTransferListenerAdapter - Downloading https://repo.maven.apache.org/maven2/com/google/guava/guava-parent/33.1.0-jre/guava-parent-33.1.0-jre.pom
2025-12-30 19:43:42,074 [Worker-20: Building] INFO  o.e.m.c.i.e.AbstractTransferListenerAdapter - Downloaded https://repo.maven.apache.org/maven2/com/google/guava/guava-parent/33.1.0-jre/guava-parent-33.1.0-jre.pom
2025-12-30 19:43:42,133 [Worker-20: Building] INFO  o.e.m.c.i.e.AbstractTransferListenerAdapter - Downloading https://repo.maven.apache.org/maven2/com/google/errorprone/error_prone_annotations/2.26.1/error_prone_annotations-2.26.1.pom
2025-12-30 19:43:42,139 [Worker-20: Building] INFO  o.e.m.c.i.e.AbstractTransferListenerAdapter - Downloaded https://repo.maven.apache.org/maven2/com/google/errorprone/error_prone_annotations/2.26.1/error_prone_annotations-2.26.1.pom
2025-12-30 19:43:42,187 [Worker-20: Building] INFO  o.e.m.c.i.e.AbstractTransferListenerAdapter - Downloading https://repo.maven.apache.org/maven2/com/google/errorprone/error_prone_parent/2.26.1/error_prone_parent-2.26.1.pom
2025-12-30 19:43:42,193 [Worker-20: Building] INFO  o.e.m.c.i.e.AbstractTransferListenerAdapter - Downloaded https://repo.maven.apache.org/maven2/com/google/errorprone/error_prone_parent/2.26.1/error_prone_parent-2.26.1.pom
2025-12-30 19:43:42,238 [Worker-20: Building] INFO  o.e.m.c.i.e.AbstractTransferListenerAdapter - Downloading https://repo.maven.apache.org/maven2/io/opentelemetry/semconv/opentelemetry-semconv/1.23.1-alpha/opentelemetry-semconv-1.23.1-alpha.pom
2025-12-30 19:43:42,242 [Worker-20: Building] INFO  o.e.m.c.i.e.AbstractTransferListenerAdapter - Downloaded https://repo.maven.apache.org/maven2/io/opentelemetry/semconv/opentelemetry-semconv/1.23.1-alpha/opentelemetry-semconv-1.23.1-alpha.pom
2025-12-30 19:43:42,295 [Worker-20: Building] INFO  o.e.m.c.i.e.AbstractTransferListenerAdapter - Downloading https://repo.maven.apache.org/maven2/io/opentelemetry/opentelemetry-api/1.37.0/opentelemetry-api-1.37.0.pom
2025-12-30 19:43:42,303 [Worker-20: Building] INFO  o.e.m.c.i.e.AbstractTransferListenerAdapter - Downloaded https://repo.maven.apache.org/maven2/io/opentelemetry/opentelemetry-api/1.37.0/opentelemetry-api-1.37.0.pom
2025-12-30 19:43:42,358 [Worker-20: Building] INFO  o.e.m.c.i.e.AbstractTransferListenerAdapter - Downloading https://repo.maven.apache.org/maven2/io/opentelemetry/opentelemetry-context/1.37.0/opentelemetry-context-1.37.0.pom
2025-12-30 19:43:42,362 [Worker-20: Building] INFO  o.e.m.c.i.e.AbstractTransferListenerAdapter - Downloaded https://repo.maven.apache.org/maven2/io/opentelemetry/opentelemetry-context/1.37.0/opentelemetry-context-1.37.0.pom
2025-12-30 19:43:42,416 [Worker-20: Building] INFO  o.e.m.c.i.e.AbstractTransferListenerAdapter - Downloading https://repo.maven.apache.org/maven2/io/opentelemetry/opentelemetry-exporter-logging/1.37.0/opentelemetry-exporter-logging-1.37.0.pom
2025-12-30 19:43:42,420 [Worker-20: Building] INFO  o.e.m.c.i.e.AbstractTransferListenerAdapter - Downloaded https://repo.maven.apache.org/maven2/io/opentelemetry/opentelemetry-exporter-logging/1.37.0/opentelemetry-exporter-logging-1.37.0.pom
2025-12-30 19:43:42,464 [Worker-20: Building] INFO  o.e.m.c.i.e.AbstractTransferListenerAdapter - Downloading https://repo.maven.apache.org/maven2/io/opentelemetry/opentelemetry-sdk/1.37.0/opentelemetry-sdk-1.37.0.pom
2025-12-30 19:43:42,470 [Worker-20: Building] INFO  o.e.m.c.i.e.AbstractTransferListenerAdapter - Downloaded https://repo.maven.apache.org/maven2/io/opentelemetry/opentelemetry-sdk/1.37.0/opentelemetry-sdk-1.37.0.pom
2025-12-30 19:43:42,533 [Worker-20: Building] INFO  o.e.m.c.i.e.AbstractTransferListenerAdapter - Downloading https://repo.maven.apache.org/maven2/io/opentelemetry/opentelemetry-sdk-common/1.37.0/opentelemetry-sdk-common-1.37.0.pom
2025-12-30 19:43:42,540 [Worker-20: Building] INFO  o.e.m.c.i.e.AbstractTransferListenerAdapter - Downloaded https://repo.maven.apache.org/maven2/io/opentelemetry/opentelemetry-sdk-common/1.37.0/opentelemetry-sdk-common-1.37.0.pom
2025-12-30 19:43:42,586 [Worker-20: Building] INFO  o.e.m.c.i.e.AbstractTransferListenerAdapter - Downloading https://repo.maven.apache.org/maven2/io/opentelemetry/opentelemetry-sdk-trace/1.37.0/opentelemetry-sdk-trace-1.37.0.pom
2025-12-30 19:43:42,593 [Worker-20: Building] INFO  o.e.m.c.i.e.AbstractTransferListenerAdapter - Downloaded https://repo.maven.apache.org/maven2/io/opentelemetry/opentelemetry-sdk-trace/1.37.0/opentelemetry-sdk-trace-1.37.0.pom
2025-12-30 19:43:42,646 [Worker-20: Building] INFO  o.e.m.c.i.e.AbstractTransferListenerAdapter - Downloading https://repo.maven.apache.org/maven2/io/opentelemetry/opentelemetry-sdk-metrics/1.37.0/opentelemetry-sdk-metrics-1.37.0.pom
2025-12-30 19:43:42,650 [Worker-20: Building] INFO  o.e.m.c.i.e.AbstractTransferListenerAdapter - Downloaded https://repo.maven.apache.org/maven2/io/opentelemetry/opentelemetry-sdk-metrics/1.37.0/opentelemetry-sdk-metrics-1.37.0.pom
2025-12-30 19:43:42,700 [Worker-20: Building] INFO  o.e.m.c.i.e.AbstractTransferListenerAdapter - Downloading https://repo.maven.apache.org/maven2/io/opentelemetry/opentelemetry-api-incubator/1.37.0-alpha/opentelemetry-api-incubator-1.37.0-alpha.pom
2025-12-30 19:43:42,705 [Worker-20: Building] INFO  o.e.m.c.i.e.AbstractTransferListenerAdapter - Downloaded https://repo.maven.apache.org/maven2/io/opentelemetry/opentelemetry-api-incubator/1.37.0-alpha/opentelemetry-api-incubator-1.37.0-alpha.pom
2025-12-30 19:43:42,753 [Worker-20: Building] INFO  o.e.m.c.i.e.AbstractTransferListenerAdapter - Downloading https://repo.maven.apache.org/maven2/io/opentelemetry/opentelemetry-sdk-logs/1.37.0/opentelemetry-sdk-logs-1.37.0.pom
2025-12-30 19:43:42,761 [Worker-20: Building] INFO  o.e.m.c.i.e.AbstractTransferListenerAdapter - Downloaded https://repo.maven.apache.org/maven2/io/opentelemetry/opentelemetry-sdk-logs/1.37.0/opentelemetry-sdk-logs-1.37.0.pom
2025-12-30 19:43:42,813 [Worker-20: Building] INFO  o.e.m.c.i.e.AbstractTransferListenerAdapter - Downloading https://repo.maven.apache.org/maven2/io/opentelemetry/opentelemetry-sdk-extension-autoconfigure-spi/1.37.0/opentelemetry-sdk-extension-autoconfigure-spi-1.37.0.pom
2025-12-30 19:43:42,820 [Worker-20: Building] INFO  o.e.m.c.i.e.AbstractTransferListenerAdapter - Downloaded https://repo.maven.apache.org/maven2/io/opentelemetry/opentelemetry-sdk-extension-autoconfigure-spi/1.37.0/opentelemetry-sdk-extension-autoconfigure-spi-1.37.0.pom
2025-12-30 19:43:42,871 [Worker-20: Building] INFO  o.e.m.c.i.e.AbstractTransferListenerAdapter - Downloading https://repo.maven.apache.org/maven2/io/opentelemetry/opentelemetry-sdk-extension-autoconfigure/1.37.0/opentelemetry-sdk-extension-autoconfigure-1.37.0.pom
2025-12-30 19:43:42,877 [Worker-20: Building] INFO  o.e.m.c.i.e.AbstractTransferListenerAdapter - Downloaded https://repo.maven.apache.org/maven2/io/opentelemetry/opentelemetry-sdk-extension-autoconfigure/1.37.0/opentelemetry-sdk-extension-autoconfigure-1.37.0.pom
2025-12-30 19:43:42,938 [Worker-20: Building] INFO  o.e.m.c.i.e.AbstractTransferListenerAdapter - Downloading https://repo.maven.apache.org/maven2/org/seleniumhq/selenium/selenium-http/4.19.1/selenium-http-4.19.1.pom
2025-12-30 19:43:42,944 [Worker-20: Building] INFO  o.e.m.c.i.e.AbstractTransferListenerAdapter - Downloaded https://repo.maven.apache.org/maven2/org/seleniumhq/selenium/selenium-http/4.19.1/selenium-http-4.19.1.pom
2025-12-30 19:43:42,996 [Worker-20: Building] INFO  o.e.m.c.i.e.AbstractTransferListenerAdapter - Downloading https://repo.maven.apache.org/maven2/dev/failsafe/failsafe/3.3.2/failsafe-3.3.2.pom
2025-12-30 19:43:43,001 [Worker-20: Building] INFO  o.e.m.c.i.e.AbstractTransferListenerAdapter - Downloaded https://repo.maven.apache.org/maven2/dev/failsafe/failsafe/3.3.2/failsafe-3.3.2.pom
2025-12-30 19:43:43,048 [Worker-20: Building] INFO  o.e.m.c.i.e.AbstractTransferListenerAdapter - Downloading https://repo.maven.apache.org/maven2/dev/failsafe/failsafe-parent/3.3.2/failsafe-parent-3.3.2.pom
2025-12-30 19:43:43,058 [Worker-20: Building] INFO  o.e.m.c.i.e.AbstractTransferListenerAdapter - Downloaded https://repo.maven.apache.org/maven2/dev/failsafe/failsafe-parent/3.3.2/failsafe-parent-3.3.2.pom
2025-12-30 19:43:43,106 [Worker-20: Building] INFO  o.e.m.c.i.e.AbstractTransferListenerAdapter - Downloading https://repo.maven.apache.org/maven2/org/seleniumhq/selenium/selenium-manager/4.19.1/selenium-manager-4.19.1.pom
2025-12-30 19:43:43,113 [Worker-20: Building] INFO  o.e.m.c.i.e.AbstractTransferListenerAdapter - Downloaded https://repo.maven.apache.org/maven2/org/seleniumhq/selenium/selenium-manager/4.19.1/selenium-manager-4.19.1.pom
2025-12-30 19:43:43,169 [Worker-20: Building] INFO  o.e.m.c.i.e.AbstractTransferListenerAdapter - Downloading https://repo.maven.apache.org/maven2/org/seleniumhq/selenium/selenium-os/4.19.1/selenium-os-4.19.1.pom
2025-12-30 19:43:43,173 [Worker-20: Building] INFO  o.e.m.c.i.e.AbstractTransferListenerAdapter - Downloaded https://repo.maven.apache.org/maven2/org/seleniumhq/selenium/selenium-os/4.19.1/selenium-os-4.19.1.pom
2025-12-30 19:43:43,244 [Worker-20: Building] INFO  o.e.m.c.i.e.AbstractTransferListenerAdapter - Downloading https://repo.maven.apache.org/maven2/org/seleniumhq/selenium/selenium-devtools-v120/4.18.1/selenium-devtools-v120-4.18.1.pom
2025-12-30 19:43:43,248 [Worker-20: Building] INFO  o.e.m.c.i.e.AbstractTransferListenerAdapter - Downloaded https://repo.maven.apache.org/maven2/org/seleniumhq/selenium/selenium-devtools-v120/4.18.1/selenium-devtools-v120-4.18.1.pom
2025-12-30 19:43:43,290 [Worker-20: Building] INFO  o.e.m.c.i.e.AbstractTransferListenerAdapter - Downloading https://repo.maven.apache.org/maven2/org/seleniumhq/selenium/selenium-devtools-v121/4.19.1/selenium-devtools-v121-4.19.1.pom
2025-12-30 19:43:43,294 [Worker-20: Building] INFO  o.e.m.c.i.e.AbstractTransferListenerAdapter - Downloaded https://repo.maven.apache.org/maven2/org/seleniumhq/selenium/selenium-devtools-v121/4.19.1/selenium-devtools-v121-4.19.1.pom
2025-12-30 19:43:43,338 [Worker-20: Building] INFO  o.e.m.c.i.e.AbstractTransferListenerAdapter - Downloading https://repo.maven.apache.org/maven2/org/seleniumhq/selenium/selenium-devtools-v122/4.19.1/selenium-devtools-v122-4.19.1.pom
2025-12-30 19:43:43,342 [Worker-20: Building] INFO  o.e.m.c.i.e.AbstractTransferListenerAdapter - Downloaded https://repo.maven.apache.org/maven2/org/seleniumhq/selenium/selenium-devtools-v122/4.19.1/selenium-devtools-v122-4.19.1.pom
2025-12-30 19:43:43,391 [Worker-20: Building] INFO  o.e.m.c.i.e.AbstractTransferListenerAdapter - Downloading https://repo.maven.apache.org/maven2/org/seleniumhq/selenium/selenium-devtools-v85/4.19.1/selenium-devtools-v85-4.19.1.pom
2025-12-30 19:43:43,396 [Worker-20: Building] INFO  o.e.m.c.i.e.AbstractTransferListenerAdapter - Downloaded https://repo.maven.apache.org/maven2/org/seleniumhq/selenium/selenium-devtools-v85/4.19.1/selenium-devtools-v85-4.19.1.pom
2025-12-30 19:43:43,438 [Worker-20: Building] INFO  o.e.m.c.i.e.AbstractTransferListenerAdapter - Downloading https://repo.maven.apache.org/maven2/org/seleniumhq/selenium/selenium-edge-driver/4.19.1/selenium-edge-driver-4.19.1.pom
2025-12-30 19:43:43,442 [Worker-20: Building] INFO  o.e.m.c.i.e.AbstractTransferListenerAdapter - Downloaded https://repo.maven.apache.org/maven2/org/seleniumhq/selenium/selenium-edge-driver/4.19.1/selenium-edge-driver-4.19.1.pom
2025-12-30 19:43:43,504 [Worker-20: Building] INFO  o.e.m.c.i.e.AbstractTransferListenerAdapter - Downloading https://repo.maven.apache.org/maven2/org/seleniumhq/selenium/selenium-firefox-driver/4.19.1/selenium-firefox-driver-4.19.1.pom
2025-12-30 19:43:43,508 [Worker-20: Building] INFO  o.e.m.c.i.e.AbstractTransferListenerAdapter - Downloaded https://repo.maven.apache.org/maven2/org/seleniumhq/selenium/selenium-firefox-driver/4.19.1/selenium-firefox-driver-4.19.1.pom
2025-12-30 19:43:43,561 [Worker-20: Building] INFO  o.e.m.c.i.e.AbstractTransferListenerAdapter - Downloading https://repo.maven.apache.org/maven2/org/seleniumhq/selenium/selenium-ie-driver/4.19.1/selenium-ie-driver-4.19.1.pom
2025-12-30 19:43:43,565 [Worker-20: Building] INFO  o.e.m.c.i.e.AbstractTransferListenerAdapter - Downloaded https://repo.maven.apache.org/maven2/org/seleniumhq/selenium/selenium-ie-driver/4.19.1/selenium-ie-driver-4.19.1.pom
2025-12-30 19:43:43,614 [Worker-20: Building] INFO  o.e.m.c.i.e.AbstractTransferListenerAdapter - Downloading https://repo.maven.apache.org/maven2/org/seleniumhq/selenium/selenium-safari-driver/4.19.1/selenium-safari-driver-4.19.1.pom
2025-12-30 19:43:43,619 [Worker-20: Building] INFO  o.e.m.c.i.e.AbstractTransferListenerAdapter - Downloaded https://repo.maven.apache.org/maven2/org/seleniumhq/selenium/selenium-safari-driver/4.19.1/selenium-safari-driver-4.19.1.pom
2025-12-30 19:43:43,661 [Worker-20: Building] INFO  o.e.m.c.i.e.AbstractTransferListenerAdapter - Downloading https://repo.maven.apache.org/maven2/org/seleniumhq/selenium/selenium-support/4.19.1/selenium-support-4.19.1.pom
2025-12-30 19:43:43,667 [Worker-20: Building] INFO  o.e.m.c.i.e.AbstractTransferListenerAdapter - Downloaded https://repo.maven.apache.org/maven2/org/seleniumhq/selenium/selenium-support/4.19.1/selenium-support-4.19.1.pom
2025-12-30 19:43:44,343 [Worker-20: Building] INFO  o.e.m.c.i.e.AbstractTransferListenerAdapter - Downloading https://repo.maven.apache.org/maven2/org/seleniumhq/selenium/selenium-java/4.18.1/selenium-java-4.18.1.jar
2025-12-30 19:43:44,348 [Worker-20: Building] INFO  o.e.m.c.i.e.AbstractTransferListenerAdapter - Downloaded https://repo.maven.apache.org/maven2/org/seleniumhq/selenium/selenium-java/4.18.1/selenium-java-4.18.1.jar
2025-12-30 19:43:44,394 [BasicRepositoryConnector-repo.maven.apache.org-0-1] INFO  o.e.m.c.i.e.AbstractTransferListenerAdapter - Downloading https://repo.maven.apache.org/maven2/org/seleniumhq/selenium/selenium-chrome-driver/4.19.1/selenium-chrome-driver-4.19.1.jar
2025-12-30 19:43:44,404 [BasicRepositoryConnector-repo.maven.apache.org-0-1] INFO  o.e.m.c.i.e.AbstractTransferListenerAdapter - Downloaded https://repo.maven.apache.org/maven2/org/seleniumhq/selenium/selenium-chrome-driver/4.19.1/selenium-chrome-driver-4.19.1.jar
2025-12-30 19:43:44,427 [BasicRepositoryConnector-repo.maven.apache.org-0-0] INFO  o.e.m.c.i.e.AbstractTransferListenerAdapter - Downloading https://repo.maven.apache.org/maven2/org/seleniumhq/selenium/selenium-api/4.19.1/selenium-api-4.19.1.jar
2025-12-30 19:43:44,427 [BasicRepositoryConnector-repo.maven.apache.org-0-4] INFO  o.e.m.c.i.e.AbstractTransferListenerAdapter - Downloading https://repo.maven.apache.org/maven2/org/seleniumhq/selenium/selenium-manager/4.19.1/selenium-manager-4.19.1.jar
2025-12-30 19:43:44,442 [BasicRepositoryConnector-repo.maven.apache.org-0-3] INFO  o.e.m.c.i.e.AbstractTransferListenerAdapter - Downloading https://repo.maven.apache.org/maven2/org/seleniumhq/selenium/selenium-json/4.19.1/selenium-json-4.19.1.jar
2025-12-30 19:43:44,456 [BasicRepositoryConnector-repo.maven.apache.org-0-1] INFO  o.e.m.c.i.e.AbstractTransferListenerAdapter - Downloading https://repo.maven.apache.org/maven2/org/seleniumhq/selenium/selenium-devtools-v120/4.18.1/selenium-devtools-v120-4.18.1.jar
2025-12-30 19:43:44,459 [BasicRepositoryConnector-repo.maven.apache.org-0-3] INFO  o.e.m.c.i.e.AbstractTransferListenerAdapter - Downloaded https://repo.maven.apache.org/maven2/org/seleniumhq/selenium/selenium-json/4.19.1/selenium-json-4.19.1.jar
2025-12-30 19:43:44,461 [BasicRepositoryConnector-repo.maven.apache.org-0-2] INFO  o.e.m.c.i.e.AbstractTransferListenerAdapter - Downloading https://repo.maven.apache.org/maven2/org/seleniumhq/selenium/selenium-chromium-driver/4.19.1/selenium-chromium-driver-4.19.1.jar
2025-12-30 19:43:44,478 [BasicRepositoryConnector-repo.maven.apache.org-0-2] INFO  o.e.m.c.i.e.AbstractTransferListenerAdapter - Downloaded https://repo.maven.apache.org/maven2/org/seleniumhq/selenium/selenium-chromium-driver/4.19.1/selenium-chromium-driver-4.19.1.jar
2025-12-30 19:43:44,483 [BasicRepositoryConnector-repo.maven.apache.org-0-0] INFO  o.e.m.c.i.e.AbstractTransferListenerAdapter - Downloaded https://repo.maven.apache.org/maven2/org/seleniumhq/selenium/selenium-api/4.19.1/selenium-api-4.19.1.jar
2025-12-30 19:43:44,504 [BasicRepositoryConnector-repo.maven.apache.org-0-3] INFO  o.e.m.c.i.e.AbstractTransferListenerAdapter - Downloading https://repo.maven.apache.org/maven2/org/seleniumhq/selenium/selenium-devtools-v121/4.19.1/selenium-devtools-v121-4.19.1.jar
2025-12-30 19:43:44,543 [BasicRepositoryConnector-repo.maven.apache.org-0-0] INFO  o.e.m.c.i.e.AbstractTransferListenerAdapter - Downloading https://repo.maven.apache.org/maven2/org/seleniumhq/selenium/selenium-devtools-v85/4.19.1/selenium-devtools-v85-4.19.1.jar
2025-12-30 19:43:44,546 [BasicRepositoryConnector-repo.maven.apache.org-0-2] INFO  o.e.m.c.i.e.AbstractTransferListenerAdapter - Downloading https://repo.maven.apache.org/maven2/org/seleniumhq/selenium/selenium-devtools-v122/4.19.1/selenium-devtools-v122-4.19.1.jar
2025-12-30 19:43:44,723 [BasicRepositoryConnector-repo.maven.apache.org-0-1] INFO  o.e.m.c.i.e.AbstractTransferListenerAdapter - Downloaded https://repo.maven.apache.org/maven2/org/seleniumhq/selenium/selenium-devtools-v120/4.18.1/selenium-devtools-v120-4.18.1.jar
2025-12-30 19:43:44,804 [BasicRepositoryConnector-repo.maven.apache.org-0-1] INFO  o.e.m.c.i.e.AbstractTransferListenerAdapter - Downloading https://repo.maven.apache.org/maven2/org/seleniumhq/selenium/selenium-edge-driver/4.19.1/selenium-edge-driver-4.19.1.jar
2025-12-30 19:43:44,808 [BasicRepositoryConnector-repo.maven.apache.org-0-1] INFO  o.e.m.c.i.e.AbstractTransferListenerAdapter - Downloaded https://repo.maven.apache.org/maven2/org/seleniumhq/selenium/selenium-edge-driver/4.19.1/selenium-edge-driver-4.19.1.jar
2025-12-30 19:43:44,877 [BasicRepositoryConnector-repo.maven.apache.org-0-0] INFO  o.e.m.c.i.e.AbstractTransferListenerAdapter - Downloaded https://repo.maven.apache.org/maven2/org/seleniumhq/selenium/selenium-devtools-v85/4.19.1/selenium-devtools-v85-4.19.1.jar
2025-12-30 19:43:44,920 [BasicRepositoryConnector-repo.maven.apache.org-0-1] INFO  o.e.m.c.i.e.AbstractTransferListenerAdapter - Downloading https://repo.maven.apache.org/maven2/org/seleniumhq/selenium/selenium-firefox-driver/4.19.1/selenium-firefox-driver-4.19.1.jar
2025-12-30 19:43:44,926 [BasicRepositoryConnector-repo.maven.apache.org-0-1] INFO  o.e.m.c.i.e.AbstractTransferListenerAdapter - Downloaded https://repo.maven.apache.org/maven2/org/seleniumhq/selenium/selenium-firefox-driver/4.19.1/selenium-firefox-driver-4.19.1.jar
2025-12-30 19:43:44,952 [BasicRepositoryConnector-repo.maven.apache.org-0-0] INFO  o.e.m.c.i.e.AbstractTransferListenerAdapter - Downloading https://repo.maven.apache.org/maven2/org/seleniumhq/selenium/selenium-http/4.19.1/selenium-http-4.19.1.jar
2025-12-30 19:43:44,970 [BasicRepositoryConnector-repo.maven.apache.org-0-0] INFO  o.e.m.c.i.e.AbstractTransferListenerAdapter - Downloaded https://repo.maven.apache.org/maven2/org/seleniumhq/selenium/selenium-http/4.19.1/selenium-http-4.19.1.jar
2025-12-30 19:43:44,988 [BasicRepositoryConnector-repo.maven.apache.org-0-1] INFO  o.e.m.c.i.e.AbstractTransferListenerAdapter - Downloading https://repo.maven.apache.org/maven2/dev/failsafe/failsafe/3.3.2/failsafe-3.3.2.jar
2025-12-30 19:43:45,001 [BasicRepositoryConnector-repo.maven.apache.org-0-1] INFO  o.e.m.c.i.e.AbstractTransferListenerAdapter - Downloaded https://repo.maven.apache.org/maven2/dev/failsafe/failsafe/3.3.2/failsafe-3.3.2.jar
2025-12-30 19:43:45,039 [BasicRepositoryConnector-repo.maven.apache.org-0-0] INFO  o.e.m.c.i.e.AbstractTransferListenerAdapter - Downloading https://repo.maven.apache.org/maven2/org/seleniumhq/selenium/selenium-ie-driver/4.19.1/selenium-ie-driver-4.19.1.jar
2025-12-30 19:43:45,043 [BasicRepositoryConnector-repo.maven.apache.org-0-0] INFO  o.e.m.c.i.e.AbstractTransferListenerAdapter - Downloaded https://repo.maven.apache.org/maven2/org/seleniumhq/selenium/selenium-ie-driver/4.19.1/selenium-ie-driver-4.19.1.jar
2025-12-30 19:43:45,047 [BasicRepositoryConnector-repo.maven.apache.org-0-3] INFO  o.e.m.c.i.e.AbstractTransferListenerAdapter - Downloaded https://repo.maven.apache.org/maven2/org/seleniumhq/selenium/selenium-devtools-v121/4.19.1/selenium-devtools-v121-4.19.1.jar
2025-12-30 19:43:45,072 [BasicRepositoryConnector-repo.maven.apache.org-0-1] INFO  o.e.m.c.i.e.AbstractTransferListenerAdapter - Downloading https://repo.maven.apache.org/maven2/org/seleniumhq/selenium/selenium-remote-driver/4.19.1/selenium-remote-driver-4.19.1.jar
2025-12-30 19:43:45,102 [BasicRepositoryConnector-repo.maven.apache.org-0-0] INFO  o.e.m.c.i.e.AbstractTransferListenerAdapter - Downloading https://repo.maven.apache.org/maven2/com/google/guava/guava/33.1.0-jre/guava-33.1.0-jre.jar
2025-12-30 19:43:45,106 [BasicRepositoryConnector-repo.maven.apache.org-0-3] INFO  o.e.m.c.i.e.AbstractTransferListenerAdapter - Downloading https://repo.maven.apache.org/maven2/com/google/errorprone/error_prone_annotations/2.26.1/error_prone_annotations-2.26.1.jar
2025-12-30 19:43:45,109 [BasicRepositoryConnector-repo.maven.apache.org-0-1] INFO  o.e.m.c.i.e.AbstractTransferListenerAdapter - Downloaded https://repo.maven.apache.org/maven2/org/seleniumhq/selenium/selenium-remote-driver/4.19.1/selenium-remote-driver-4.19.1.jar
2025-12-30 19:43:45,110 [BasicRepositoryConnector-repo.maven.apache.org-0-3] INFO  o.e.m.c.i.e.AbstractTransferListenerAdapter - Downloaded https://repo.maven.apache.org/maven2/com/google/errorprone/error_prone_annotations/2.26.1/error_prone_annotations-2.26.1.jar
2025-12-30 19:43:45,145 [BasicRepositoryConnector-repo.maven.apache.org-0-1] INFO  o.e.m.c.i.e.AbstractTransferListenerAdapter - Downloading https://repo.maven.apache.org/maven2/io/opentelemetry/semconv/opentelemetry-semconv/1.23.1-alpha/opentelemetry-semconv-1.23.1-alpha.jar
2025-12-30 19:43:45,159 [BasicRepositoryConnector-repo.maven.apache.org-0-1] INFO  o.e.m.c.i.e.AbstractTransferListenerAdapter - Downloaded https://repo.maven.apache.org/maven2/io/opentelemetry/semconv/opentelemetry-semconv/1.23.1-alpha/opentelemetry-semconv-1.23.1-alpha.jar
2025-12-30 19:43:45,164 [BasicRepositoryConnector-repo.maven.apache.org-0-3] INFO  o.e.m.c.i.e.AbstractTransferListenerAdapter - Downloading https://repo.maven.apache.org/maven2/io/opentelemetry/opentelemetry-api/1.37.0/opentelemetry-api-1.37.0.jar
2025-12-30 19:43:45,181 [BasicRepositoryConnector-repo.maven.apache.org-0-3] INFO  o.e.m.c.i.e.AbstractTransferListenerAdapter - Downloaded https://repo.maven.apache.org/maven2/io/opentelemetry/opentelemetry-api/1.37.0/opentelemetry-api-1.37.0.jar
2025-12-30 19:43:45,206 [BasicRepositoryConnector-repo.maven.apache.org-0-1] INFO  o.e.m.c.i.e.AbstractTransferListenerAdapter - Downloading https://repo.maven.apache.org/maven2/io/opentelemetry/opentelemetry-context/1.37.0/opentelemetry-context-1.37.0.jar
2025-12-30 19:43:45,215 [BasicRepositoryConnector-repo.maven.apache.org-0-1] INFO  o.e.m.c.i.e.AbstractTransferListenerAdapter - Downloaded https://repo.maven.apache.org/maven2/io/opentelemetry/opentelemetry-context/1.37.0/opentelemetry-context-1.37.0.jar
2025-12-30 19:43:45,237 [BasicRepositoryConnector-repo.maven.apache.org-0-3] INFO  o.e.m.c.i.e.AbstractTransferListenerAdapter - Downloading https://repo.maven.apache.org/maven2/io/opentelemetry/opentelemetry-exporter-logging/1.37.0/opentelemetry-exporter-logging-1.37.0.jar
2025-12-30 19:43:45,241 [BasicRepositoryConnector-repo.maven.apache.org-0-3] INFO  o.e.m.c.i.e.AbstractTransferListenerAdapter - Downloaded https://repo.maven.apache.org/maven2/io/opentelemetry/opentelemetry-exporter-logging/1.37.0/opentelemetry-exporter-logging-1.37.0.jar
2025-12-30 19:43:45,268 [BasicRepositoryConnector-repo.maven.apache.org-0-1] INFO  o.e.m.c.i.e.AbstractTransferListenerAdapter - Downloading https://repo.maven.apache.org/maven2/io/opentelemetry/opentelemetry-sdk-common/1.37.0/opentelemetry-sdk-common-1.37.0.jar
2025-12-30 19:43:45,282 [BasicRepositoryConnector-repo.maven.apache.org-0-1] INFO  o.e.m.c.i.e.AbstractTransferListenerAdapter - Downloaded https://repo.maven.apache.org/maven2/io/opentelemetry/opentelemetry-sdk-common/1.37.0/opentelemetry-sdk-common-1.37.0.jar
2025-12-30 19:43:45,299 [BasicRepositoryConnector-repo.maven.apache.org-0-3] INFO  o.e.m.c.i.e.AbstractTransferListenerAdapter - Downloading https://repo.maven.apache.org/maven2/io/opentelemetry/opentelemetry-sdk-extension-autoconfigure-spi/1.37.0/opentelemetry-sdk-extension-autoconfigure-spi-1.37.0.jar
2025-12-30 19:43:45,303 [BasicRepositoryConnector-repo.maven.apache.org-0-3] INFO  o.e.m.c.i.e.AbstractTransferListenerAdapter - Downloaded https://repo.maven.apache.org/maven2/io/opentelemetry/opentelemetry-sdk-extension-autoconfigure-spi/1.37.0/opentelemetry-sdk-extension-autoconfigure-spi-1.37.0.jar
2025-12-30 19:43:45,329 [BasicRepositoryConnector-repo.maven.apache.org-0-1] INFO  o.e.m.c.i.e.AbstractTransferListenerAdapter - Downloading https://repo.maven.apache.org/maven2/io/opentelemetry/opentelemetry-sdk-extension-autoconfigure/1.37.0/opentelemetry-sdk-extension-autoconfigure-1.37.0.jar
2025-12-30 19:43:45,346 [BasicRepositoryConnector-repo.maven.apache.org-0-1] INFO  o.e.m.c.i.e.AbstractTransferListenerAdapter - Downloaded https://repo.maven.apache.org/maven2/io/opentelemetry/opentelemetry-sdk-extension-autoconfigure/1.37.0/opentelemetry-sdk-extension-autoconfigure-1.37.0.jar
2025-12-30 19:43:45,356 [BasicRepositoryConnector-repo.maven.apache.org-0-4] INFO  o.e.m.c.i.e.AbstractTransferListenerAdapter - Downloaded https://repo.maven.apache.org/maven2/org/seleniumhq/selenium/selenium-manager/4.19.1/selenium-manager-4.19.1.jar
2025-12-30 19:43:45,373 [BasicRepositoryConnector-repo.maven.apache.org-0-3] INFO  o.e.m.c.i.e.AbstractTransferListenerAdapter - Downloading https://repo.maven.apache.org/maven2/io/opentelemetry/opentelemetry-api-incubator/1.37.0-alpha/opentelemetry-api-incubator-1.37.0-alpha.jar
2025-12-30 19:43:45,379 [BasicRepositoryConnector-repo.maven.apache.org-0-3] INFO  o.e.m.c.i.e.AbstractTransferListenerAdapter - Downloaded https://repo.maven.apache.org/maven2/io/opentelemetry/opentelemetry-api-incubator/1.37.0-alpha/opentelemetry-api-incubator-1.37.0-alpha.jar
2025-12-30 19:43:45,381 [BasicRepositoryConnector-repo.maven.apache.org-0-2] INFO  o.e.m.c.i.e.AbstractTransferListenerAdapter - Downloaded https://repo.maven.apache.org/maven2/org/seleniumhq/selenium/selenium-devtools-v122/4.19.1/selenium-devtools-v122-4.19.1.jar
2025-12-30 19:43:45,388 [BasicRepositoryConnector-repo.maven.apache.org-0-1] INFO  o.e.m.c.i.e.AbstractTransferListenerAdapter - Downloading https://repo.maven.apache.org/maven2/io/opentelemetry/opentelemetry-sdk-trace/1.37.0/opentelemetry-sdk-trace-1.37.0.jar
2025-12-30 19:43:45,432 [BasicRepositoryConnector-repo.maven.apache.org-0-1] INFO  o.e.m.c.i.e.AbstractTransferListenerAdapter - Downloaded https://repo.maven.apache.org/maven2/io/opentelemetry/opentelemetry-sdk-trace/1.37.0/opentelemetry-sdk-trace-1.37.0.jar
2025-12-30 19:43:45,439 [BasicRepositoryConnector-repo.maven.apache.org-0-2] INFO  o.e.m.c.i.e.AbstractTransferListenerAdapter - Downloading https://repo.maven.apache.org/maven2/io/opentelemetry/opentelemetry-sdk-logs/1.37.0/opentelemetry-sdk-logs-1.37.0.jar
2025-12-30 19:43:45,439 [BasicRepositoryConnector-repo.maven.apache.org-0-4] INFO  o.e.m.c.i.e.AbstractTransferListenerAdapter - Downloading https://repo.maven.apache.org/maven2/io/opentelemetry/opentelemetry-sdk/1.37.0/opentelemetry-sdk-1.37.0.jar
2025-12-30 19:43:45,442 [BasicRepositoryConnector-repo.maven.apache.org-0-4] INFO  o.e.m.c.i.e.AbstractTransferListenerAdapter - Downloaded https://repo.maven.apache.org/maven2/io/opentelemetry/opentelemetry-sdk/1.37.0/opentelemetry-sdk-1.37.0.jar
2025-12-30 19:43:45,456 [BasicRepositoryConnector-repo.maven.apache.org-0-3] INFO  o.e.m.c.i.e.AbstractTransferListenerAdapter - Downloading https://repo.maven.apache.org/maven2/io/opentelemetry/opentelemetry-sdk-metrics/1.37.0/opentelemetry-sdk-metrics-1.37.0.jar
2025-12-30 19:43:45,469 [BasicRepositoryConnector-repo.maven.apache.org-0-2] INFO  o.e.m.c.i.e.AbstractTransferListenerAdapter - Downloaded https://repo.maven.apache.org/maven2/io/opentelemetry/opentelemetry-sdk-logs/1.37.0/opentelemetry-sdk-logs-1.37.0.jar
2025-12-30 19:43:45,476 [BasicRepositoryConnector-repo.maven.apache.org-0-1] INFO  o.e.m.c.i.e.AbstractTransferListenerAdapter - Downloading https://repo.maven.apache.org/maven2/org/seleniumhq/selenium/selenium-os/4.19.1/selenium-os-4.19.1.jar
2025-12-30 19:43:45,483 [BasicRepositoryConnector-repo.maven.apache.org-0-3] INFO  o.e.m.c.i.e.AbstractTransferListenerAdapter - Downloaded https://repo.maven.apache.org/maven2/io/opentelemetry/opentelemetry-sdk-metrics/1.37.0/opentelemetry-sdk-metrics-1.37.0.jar
2025-12-30 19:43:45,489 [BasicRepositoryConnector-repo.maven.apache.org-0-1] INFO  o.e.m.c.i.e.AbstractTransferListenerAdapter - Downloaded https://repo.maven.apache.org/maven2/org/seleniumhq/selenium/selenium-os/4.19.1/selenium-os-4.19.1.jar
2025-12-30 19:43:45,496 [BasicRepositoryConnector-repo.maven.apache.org-0-4] INFO  o.e.m.c.i.e.AbstractTransferListenerAdapter - Downloading https://repo.maven.apache.org/maven2/org/seleniumhq/selenium/selenium-safari-driver/4.19.1/selenium-safari-driver-4.19.1.jar
2025-12-30 19:43:45,501 [BasicRepositoryConnector-repo.maven.apache.org-0-4] INFO  o.e.m.c.i.e.AbstractTransferListenerAdapter - Downloaded https://repo.maven.apache.org/maven2/org/seleniumhq/selenium/selenium-safari-driver/4.19.1/selenium-safari-driver-4.19.1.jar
2025-12-30 19:43:45,527 [BasicRepositoryConnector-repo.maven.apache.org-0-2] INFO  o.e.m.c.i.e.AbstractTransferListenerAdapter - Downloading https://repo.maven.apache.org/maven2/org/seleniumhq/selenium/selenium-support/4.19.1/selenium-support-4.19.1.jar
2025-12-30 19:43:45,596 [BasicRepositoryConnector-repo.maven.apache.org-0-2] INFO  o.e.m.c.i.e.AbstractTransferListenerAdapter - Downloaded https://repo.maven.apache.org/maven2/org/seleniumhq/selenium/selenium-support/4.19.1/selenium-support-4.19.1.jar
2025-12-30 19:43:45,650 [BasicRepositoryConnector-repo.maven.apache.org-0-0] INFO  o.e.m.c.i.e.AbstractTransferListenerAdapter - Downloaded https://repo.maven.apache.org/maven2/com/google/guava/guava/33.1.0-jre/guava-33.1.0-jre.jar
2025-12-30 19:43:46,575 [Worker-20: Building] INFO  o.a.m.s.f.DefaultMavenResourcesFiltering - Copying 1 resource from src\main\resources to target\classes
2025-12-30 19:43:46,595 [Worker-20: Building] INFO  o.a.m.s.f.DefaultMavenResourcesFiltering - Copying 0 resource from src\main\resources to target\classes
2025-12-30 19:43:46,601 [Worker-20: Building] INFO  o.a.m.s.f.DefaultMavenResourcesFiltering - skip non existing resourceDirectory C:\Users\fatmagül\Desktop\Alisveris-Sitesi---backend-main\Alisveris-Sitesi---backend-main\src\test\resources
2025-12-30 19:43:47,237 [Worker-8: Download sources and javadoc] INFO  o.e.m.c.i.e.AbstractTransferListenerAdapter - Downloading https://repo.maven.apache.org/maven2/org/seleniumhq/selenium/selenium-java/4.18.1/selenium-java-4.18.1-sources.jar
2025-12-30 19:43:47,255 [Worker-8: Download sources and javadoc] INFO  o.e.m.c.i.e.AbstractTransferListenerAdapter - Downloaded https://repo.maven.apache.org/maven2/org/seleniumhq/selenium/selenium-java/4.18.1/selenium-java-4.18.1-sources.jar
2025-12-30 19:43:47,262 [Worker-8: Download sources and javadoc] INFO  o.e.m.j.internal.DownloadSourcesJob - Downloaded sources for org.seleniumhq.selenium:selenium-java:4.18.1
2025-12-30 19:43:47,415 [Worker-8: Download sources and javadoc] INFO  o.e.m.c.i.e.AbstractTransferListenerAdapter - Downloading https://repo.maven.apache.org/maven2/org/seleniumhq/selenium/selenium-api/4.19.1/selenium-api-4.19.1-sources.jar
2025-12-30 19:43:47,436 [Worker-8: Download sources and javadoc] INFO  o.e.m.c.i.e.AbstractTransferListenerAdapter - Downloaded https://repo.maven.apache.org/maven2/org/seleniumhq/selenium/selenium-api/4.19.1/selenium-api-4.19.1-sources.jar
2025-12-30 19:43:47,442 [Worker-8: Download sources and javadoc] INFO  o.e.m.j.internal.DownloadSourcesJob - Downloaded sources for org.seleniumhq.selenium:selenium-api:4.19.1
2025-12-30 19:43:47,680 [Worker-8: Download sources and javadoc] INFO  o.e.m.c.i.e.AbstractTransferListenerAdapter - Downloading https://repo.maven.apache.org/maven2/org/seleniumhq/selenium/selenium-chrome-driver/4.19.1/selenium-chrome-driver-4.19.1-sources.jar
2025-12-30 19:43:47,684 [Worker-8: Download sources and javadoc] INFO  o.e.m.c.i.e.AbstractTransferListenerAdapter - Downloaded https://repo.maven.apache.org/maven2/org/seleniumhq/selenium/selenium-chrome-driver/4.19.1/selenium-chrome-driver-4.19.1-sources.jar
2025-12-30 19:43:47,687 [Worker-8: Download sources and javadoc] INFO  o.e.m.j.internal.DownloadSourcesJob - Downloaded sources for org.seleniumhq.selenium:selenium-chrome-driver:4.19.1
2025-12-30 19:43:48,091 [Worker-8: Download sources and javadoc] INFO  o.e.m.c.i.e.AbstractTransferListenerAdapter - Downloading https://repo.maven.apache.org/maven2/org/seleniumhq/selenium/selenium-chromium-driver/4.19.1/selenium-chromium-driver-4.19.1-sources.jar
2025-12-30 19:43:48,096 [Worker-8: Download sources and javadoc] INFO  o.e.m.c.i.e.AbstractTransferListenerAdapter - Downloaded https://repo.maven.apache.org/maven2/org/seleniumhq/selenium/selenium-chromium-driver/4.19.1/selenium-chromium-driver-4.19.1-sources.jar
2025-12-30 19:43:48,100 [Worker-8: Download sources and javadoc] INFO  o.e.m.j.internal.DownloadSourcesJob - Downloaded sources for org.seleniumhq.selenium:selenium-chromium-driver:4.19.1
2025-12-30 19:43:48,179 [Worker-8: Download sources and javadoc] INFO  o.e.m.c.i.e.AbstractTransferListenerAdapter - Downloading https://repo.maven.apache.org/maven2/org/seleniumhq/selenium/selenium-json/4.19.1/selenium-json-4.19.1-sources.jar
2025-12-30 19:43:48,194 [Worker-8: Download sources and javadoc] INFO  o.e.m.c.i.e.AbstractTransferListenerAdapter - Downloaded https://repo.maven.apache.org/maven2/org/seleniumhq/selenium/selenium-json/4.19.1/selenium-json-4.19.1-sources.jar
2025-12-30 19:43:48,199 [Worker-8: Download sources and javadoc] INFO  o.e.m.j.internal.DownloadSourcesJob - Downloaded sources for org.seleniumhq.selenium:selenium-json:4.19.1
2025-12-30 19:43:48,440 [Worker-8: Download sources and javadoc] INFO  o.e.m.c.i.e.AbstractTransferListenerAdapter - Downloading https://repo.maven.apache.org/maven2/org/seleniumhq/selenium/selenium-manager/4.19.1/selenium-manager-4.19.1-sources.jar
2025-12-30 19:43:48,447 [Worker-8: Download sources and javadoc] INFO  o.e.m.c.i.e.AbstractTransferListenerAdapter - Downloaded https://repo.maven.apache.org/maven2/org/seleniumhq/selenium/selenium-manager/4.19.1/selenium-manager-4.19.1-sources.jar
2025-12-30 19:43:48,452 [Worker-8: Download sources and javadoc] INFO  o.e.m.j.internal.DownloadSourcesJob - Downloaded sources for org.seleniumhq.selenium:selenium-manager:4.19.1
2025-12-30 19:43:48,579 [Worker-8: Download sources and javadoc] INFO  o.e.m.c.i.e.AbstractTransferListenerAdapter - Downloading https://repo.maven.apache.org/maven2/org/seleniumhq/selenium/selenium-devtools-v120/4.18.1/selenium-devtools-v120-4.18.1-sources.jar
2025-12-30 19:43:48,669 [Worker-8: Download sources and javadoc] INFO  o.e.m.c.i.e.AbstractTransferListenerAdapter - Downloaded https://repo.maven.apache.org/maven2/org/seleniumhq/selenium/selenium-devtools-v120/4.18.1/selenium-devtools-v120-4.18.1-sources.jar
2025-12-30 19:43:48,674 [Worker-8: Download sources and javadoc] INFO  o.e.m.j.internal.DownloadSourcesJob - Downloaded sources for org.seleniumhq.selenium:selenium-devtools-v120:4.18.1
2025-12-30 19:43:48,838 [Worker-8: Download sources and javadoc] INFO  o.e.m.c.i.e.AbstractTransferListenerAdapter - Downloading https://repo.maven.apache.org/maven2/org/seleniumhq/selenium/selenium-devtools-v121/4.19.1/selenium-devtools-v121-4.19.1-sources.jar
2025-12-30 19:43:48,924 [Worker-8: Download sources and javadoc] INFO  o.e.m.c.i.e.AbstractTransferListenerAdapter - Downloaded https://repo.maven.apache.org/maven2/org/seleniumhq/selenium/selenium-devtools-v121/4.19.1/selenium-devtools-v121-4.19.1-sources.jar
2025-12-30 19:43:48,935 [Worker-8: Download sources and javadoc] INFO  o.e.m.j.internal.DownloadSourcesJob - Downloaded sources for org.seleniumhq.selenium:selenium-devtools-v121:4.19.1
2025-12-30 19:43:49,018 [Worker-8: Download sources and javadoc] INFO  o.e.m.c.i.e.AbstractTransferListenerAdapter - Downloading https://repo.maven.apache.org/maven2/org/seleniumhq/selenium/selenium-devtools-v122/4.19.1/selenium-devtools-v122-4.19.1-sources.jar
2025-12-30 19:43:49,087 [Worker-8: Download sources and javadoc] INFO  o.e.m.c.i.e.AbstractTransferListenerAdapter - Downloaded https://repo.maven.apache.org/maven2/org/seleniumhq/selenium/selenium-devtools-v122/4.19.1/selenium-devtools-v122-4.19.1-sources.jar
2025-12-30 19:43:49,092 [Worker-8: Download sources and javadoc] INFO  o.e.m.j.internal.DownloadSourcesJob - Downloaded sources for org.seleniumhq.selenium:selenium-devtools-v122:4.19.1
2025-12-30 19:43:49,201 [Worker-8: Download sources and javadoc] INFO  o.e.m.c.i.e.AbstractTransferListenerAdapter - Downloading https://repo.maven.apache.org/maven2/org/seleniumhq/selenium/selenium-devtools-v85/4.19.1/selenium-devtools-v85-4.19.1-sources.jar
2025-12-30 19:43:49,251 [Worker-8: Download sources and javadoc] INFO  o.e.m.c.i.e.AbstractTransferListenerAdapter - Downloaded https://repo.maven.apache.org/maven2/org/seleniumhq/selenium/selenium-devtools-v85/4.19.1/selenium-devtools-v85-4.19.1-sources.jar
2025-12-30 19:43:49,255 [Worker-8: Download sources and javadoc] INFO  o.e.m.j.internal.DownloadSourcesJob - Downloaded sources for org.seleniumhq.selenium:selenium-devtools-v85:4.19.1
2025-12-30 19:43:49,367 [Worker-8: Download sources and javadoc] INFO  o.e.m.c.i.e.AbstractTransferListenerAdapter - Downloading https://repo.maven.apache.org/maven2/org/seleniumhq/selenium/selenium-edge-driver/4.19.1/selenium-edge-driver-4.19.1-sources.jar
2025-12-30 19:43:49,373 [Worker-8: Download sources and javadoc] INFO  o.e.m.c.i.e.AbstractTransferListenerAdapter - Downloaded https://repo.maven.apache.org/maven2/org/seleniumhq/selenium/selenium-edge-driver/4.19.1/selenium-edge-driver-4.19.1-sources.jar
2025-12-30 19:43:49,379 [Worker-8: Download sources and javadoc] INFO  o.e.m.j.internal.DownloadSourcesJob - Downloaded sources for org.seleniumhq.selenium:selenium-edge-driver:4.19.1
2025-12-30 19:43:49,567 [Worker-8: Download sources and javadoc] INFO  o.e.m.c.i.e.AbstractTransferListenerAdapter - Downloading https://repo.maven.apache.org/maven2/org/seleniumhq/selenium/selenium-firefox-driver/4.19.1/selenium-firefox-driver-4.19.1-sources.jar
2025-12-30 19:43:49,576 [Worker-8: Download sources and javadoc] INFO  o.e.m.c.i.e.AbstractTransferListenerAdapter - Downloaded https://repo.maven.apache.org/maven2/org/seleniumhq/selenium/selenium-firefox-driver/4.19.1/selenium-firefox-driver-4.19.1-sources.jar
2025-12-30 19:43:49,581 [Worker-8: Download sources and javadoc] INFO  o.e.m.j.internal.DownloadSourcesJob - Downloaded sources for org.seleniumhq.selenium:selenium-firefox-driver:4.19.1
2025-12-30 19:43:50,654 [Worker-23: Building] INFO  o.e.m.c.i.l.LifecycleMappingFactory - Using org.eclipse.m2e.jdt.JarLifecycleMapping lifecycle mapping for MavenProject: kodlamaio:northwind:0.0.1-SNAPSHOT @ C:\Users\fatmagül\Desktop\Alisveris-Sitesi---backend-main\Alisveris-Sitesi---backend-main\pom.xml.
2025-12-30 19:43:50,724 [Worker-8: Download sources and javadoc] INFO  o.e.m.c.i.e.AbstractTransferListenerAdapter - Downloading https://repo.maven.apache.org/maven2/org/seleniumhq/selenium/selenium-http/4.19.1/selenium-http-4.19.1-sources.jar
2025-12-30 19:43:50,730 [Worker-8: Download sources and javadoc] INFO  o.e.m.c.i.e.AbstractTransferListenerAdapter - Downloaded https://repo.maven.apache.org/maven2/org/seleniumhq/selenium/selenium-http/4.19.1/selenium-http-4.19.1-sources.jar
2025-12-30 19:43:50,734 [Worker-8: Download sources and javadoc] INFO  o.e.m.j.internal.DownloadSourcesJob - Downloaded sources for org.seleniumhq.selenium:selenium-http:4.19.1
2025-12-30 19:43:50,828 [Worker-8: Download sources and javadoc] INFO  o.e.m.c.i.e.AbstractTransferListenerAdapter - Downloading https://repo.maven.apache.org/maven2/dev/failsafe/failsafe/3.3.2/failsafe-3.3.2-sources.jar
2025-12-30 19:43:50,862 [Worker-8: Download sources and javadoc] INFO  o.e.m.c.i.e.AbstractTransferListenerAdapter - Downloaded https://repo.maven.apache.org/maven2/dev/failsafe/failsafe/3.3.2/failsafe-3.3.2-sources.jar
2025-12-30 19:43:50,865 [Worker-8: Download sources and javadoc] INFO  o.e.m.j.internal.DownloadSourcesJob - Downloaded sources for dev.failsafe:failsafe:3.3.2
2025-12-30 19:43:51,130 [Worker-8: Download sources and javadoc] INFO  o.e.m.c.i.e.AbstractTransferListenerAdapter - Downloading https://repo.maven.apache.org/maven2/org/seleniumhq/selenium/selenium-ie-driver/4.19.1/selenium-ie-driver-4.19.1-sources.jar
2025-12-30 19:43:51,136 [Worker-8: Download sources and javadoc] INFO  o.e.m.c.i.e.AbstractTransferListenerAdapter - Downloaded https://repo.maven.apache.org/maven2/org/seleniumhq/selenium/selenium-ie-driver/4.19.1/selenium-ie-driver-4.19.1-sources.jar
2025-12-30 19:43:51,140 [Worker-8: Download sources and javadoc] INFO  o.e.m.j.internal.DownloadSourcesJob - Downloaded sources for org.seleniumhq.selenium:selenium-ie-driver:4.19.1
2025-12-30 19:43:51,260 [Worker-8: Download sources and javadoc] INFO  o.e.m.c.i.e.AbstractTransferListenerAdapter - Downloading https://repo.maven.apache.org/maven2/org/seleniumhq/selenium/selenium-remote-driver/4.19.1/selenium-remote-driver-4.19.1-sources.jar
2025-12-30 19:43:51,306 [Worker-8: Download sources and javadoc] INFO  o.e.m.c.i.e.AbstractTransferListenerAdapter - Downloaded https://repo.maven.apache.org/maven2/org/seleniumhq/selenium/selenium-remote-driver/4.19.1/selenium-remote-driver-4.19.1-sources.jar
2025-12-30 19:43:51,312 [Worker-8: Download sources and javadoc] INFO  o.e.m.j.internal.DownloadSourcesJob - Downloaded sources for org.seleniumhq.selenium:selenium-remote-driver:4.19.1
2025-12-30 19:43:51,395 [Worker-8: Download sources and javadoc] INFO  o.e.m.c.i.e.AbstractTransferListenerAdapter - Downloading https://repo.maven.apache.org/maven2/com/google/guava/guava/33.1.0-jre/guava-33.1.0-jre-sources.jar
2025-12-30 19:43:51,512 [Worker-8: Download sources and javadoc] INFO  o.e.m.c.i.e.AbstractTransferListenerAdapter - Downloaded https://repo.maven.apache.org/maven2/com/google/guava/guava/33.1.0-jre/guava-33.1.0-jre-sources.jar
2025-12-30 19:43:51,515 [Worker-8: Download sources and javadoc] INFO  o.e.m.j.internal.DownloadSourcesJob - Downloaded sources for com.google.guava:guava:33.1.0-jre
2025-12-30 19:43:51,599 [Worker-8: Download sources and javadoc] INFO  o.e.m.c.i.e.AbstractTransferListenerAdapter - Downloading https://repo.maven.apache.org/maven2/com/google/guava/failureaccess/1.0.2/failureaccess-1.0.2-sources.jar
2025-12-30 19:43:51,605 [Worker-8: Download sources and javadoc] INFO  o.e.m.c.i.e.AbstractTransferListenerAdapter - Downloaded https://repo.maven.apache.org/maven2/com/google/guava/failureaccess/1.0.2/failureaccess-1.0.2-sources.jar
2025-12-30 19:43:51,609 [Worker-8: Download sources and javadoc] INFO  o.e.m.j.internal.DownloadSourcesJob - Downloaded sources for com.google.guava:failureaccess:1.0.2
2025-12-30 19:43:51,696 [Worker-8: Download sources and javadoc] INFO  o.e.m.c.i.e.AbstractTransferListenerAdapter - Downloading https://repo.maven.apache.org/maven2/com/google/code/findbugs/jsr305/3.0.2/jsr305-3.0.2-sources.jar
2025-12-30 19:43:51,701 [Worker-8: Download sources and javadoc] INFO  o.e.m.c.i.e.AbstractTransferListenerAdapter - Downloaded https://repo.maven.apache.org/maven2/com/google/code/findbugs/jsr305/3.0.2/jsr305-3.0.2-sources.jar
2025-12-30 19:43:51,705 [Worker-8: Download sources and javadoc] INFO  o.e.m.j.internal.DownloadSourcesJob - Downloaded sources for com.google.code.findbugs:jsr305:3.0.2
2025-12-30 19:43:51,712 [Worker-23: Building] INFO  o.a.m.s.f.DefaultMavenResourcesFiltering - Copying 1 resource from src\main\resources to target\classes
2025-12-30 19:43:51,740 [Worker-23: Building] INFO  o.a.m.s.f.DefaultMavenResourcesFiltering - Copying 0 resource from src\main\resources to target\classes
2025-12-30 19:43:51,747 [Worker-23: Building] INFO  o.a.m.s.f.DefaultMavenResourcesFiltering - skip non existing resourceDirectory C:\Users\fatmagül\Desktop\Alisveris-Sitesi---backend-main\Alisveris-Sitesi---backend-main\src\test\resources
2025-12-30 19:43:51,773 [Worker-8: Download sources and javadoc] INFO  o.e.m.c.i.e.AbstractTransferListenerAdapter - Downloading https://repo.maven.apache.org/maven2/com/google/errorprone/error_prone_annotations/2.26.1/error_prone_annotations-2.26.1-sources.jar
2025-12-30 19:43:51,780 [Worker-8: Download sources and javadoc] INFO  o.e.m.c.i.e.AbstractTransferListenerAdapter - Downloaded https://repo.maven.apache.org/maven2/com/google/errorprone/error_prone_annotations/2.26.1/error_prone_annotations-2.26.1-sources.jar
2025-12-30 19:43:51,784 [Worker-8: Download sources and javadoc] INFO  o.e.m.j.internal.DownloadSourcesJob - Downloaded sources for com.google.errorprone:error_prone_annotations:2.26.1
2025-12-30 19:43:51,861 [Worker-8: Download sources and javadoc] INFO  o.e.m.c.i.e.AbstractTransferListenerAdapter - Downloading https://repo.maven.apache.org/maven2/io/opentelemetry/semconv/opentelemetry-semconv/1.23.1-alpha/opentelemetry-semconv-1.23.1-alpha-sources.jar
2025-12-30 19:43:51,868 [Worker-8: Download sources and javadoc] INFO  o.e.m.c.i.e.AbstractTransferListenerAdapter - Downloaded https://repo.maven.apache.org/maven2/io/opentelemetry/semconv/opentelemetry-semconv/1.23.1-alpha/opentelemetry-semconv-1.23.1-alpha-sources.jar
2025-12-30 19:43:51,873 [Worker-8: Download sources and javadoc] INFO  o.e.m.j.internal.DownloadSourcesJob - Downloaded sources for io.opentelemetry.semconv:opentelemetry-semconv:1.23.1-alpha
2025-12-30 19:43:51,947 [Worker-8: Download sources and javadoc] INFO  o.e.m.c.i.e.AbstractTransferListenerAdapter - Downloading https://repo.maven.apache.org/maven2/io/opentelemetry/opentelemetry-api/1.37.0/opentelemetry-api-1.37.0-sources.jar
2025-12-30 19:43:51,957 [Worker-8: Download sources and javadoc] INFO  o.e.m.c.i.e.AbstractTransferListenerAdapter - Downloaded https://repo.maven.apache.org/maven2/io/opentelemetry/opentelemetry-api/1.37.0/opentelemetry-api-1.37.0-sources.jar
2025-12-30 19:43:51,961 [Worker-8: Download sources and javadoc] INFO  o.e.m.j.internal.DownloadSourcesJob - Downloaded sources for io.opentelemetry:opentelemetry-api:1.37.0
2025-12-30 19:43:52,033 [Worker-8: Download sources and javadoc] INFO  o.e.m.c.i.e.AbstractTransferListenerAdapter - Downloading https://repo.maven.apache.org/maven2/io/opentelemetry/opentelemetry-context/1.37.0/opentelemetry-context-1.37.0-sources.jar
2025-12-30 19:43:52,038 [Worker-8: Download sources and javadoc] INFO  o.e.m.c.i.e.AbstractTransferListenerAdapter - Downloaded https://repo.maven.apache.org/maven2/io/opentelemetry/opentelemetry-context/1.37.0/opentelemetry-context-1.37.0-sources.jar
2025-12-30 19:43:52,042 [Worker-8: Download sources and javadoc] INFO  o.e.m.j.internal.DownloadSourcesJob - Downloaded sources for io.opentelemetry:opentelemetry-context:1.37.0
2025-12-30 19:43:52,153 [Worker-8: Download sources and javadoc] INFO  o.e.m.c.i.e.AbstractTransferListenerAdapter - Downloading https://repo.maven.apache.org/maven2/io/opentelemetry/opentelemetry-exporter-logging/1.37.0/opentelemetry-exporter-logging-1.37.0-sources.jar
2025-12-30 19:43:52,157 [Worker-8: Download sources and javadoc] INFO  o.e.m.c.i.e.AbstractTransferListenerAdapter - Downloaded https://repo.maven.apache.org/maven2/io/opentelemetry/opentelemetry-exporter-logging/1.37.0/opentelemetry-exporter-logging-1.37.0-sources.jar
2025-12-30 19:43:52,160 [Worker-8: Download sources and javadoc] INFO  o.e.m.j.internal.DownloadSourcesJob - Downloaded sources for io.opentelemetry:opentelemetry-exporter-logging:1.37.0
2025-12-30 19:43:52,278 [Worker-8: Download sources and javadoc] INFO  o.e.m.c.i.e.AbstractTransferListenerAdapter - Downloading https://repo.maven.apache.org/maven2/io/opentelemetry/opentelemetry-sdk-common/1.37.0/opentelemetry-sdk-common-1.37.0-sources.jar
2025-12-30 19:43:52,283 [Worker-8: Download sources and javadoc] INFO  o.e.m.c.i.e.AbstractTransferListenerAdapter - Downloaded https://repo.maven.apache.org/maven2/io/opentelemetry/opentelemetry-sdk-common/1.37.0/opentelemetry-sdk-common-1.37.0-sources.jar
2025-12-30 19:43:52,286 [Worker-8: Download sources and javadoc] INFO  o.e.m.j.internal.DownloadSourcesJob - Downloaded sources for io.opentelemetry:opentelemetry-sdk-common:1.37.0
2025-12-30 19:43:52,365 [Worker-8: Download sources and javadoc] INFO  o.e.m.c.i.e.AbstractTransferListenerAdapter - Downloading https://repo.maven.apache.org/maven2/io/opentelemetry/opentelemetry-sdk-extension-autoconfigure-spi/1.37.0/opentelemetry-sdk-extension-autoconfigure-spi-1.37.0-sources.jar
2025-12-30 19:43:52,370 [Worker-8: Download sources and javadoc] INFO  o.e.m.c.i.e.AbstractTransferListenerAdapter - Downloaded https://repo.maven.apache.org/maven2/io/opentelemetry/opentelemetry-sdk-extension-autoconfigure-spi/1.37.0/opentelemetry-sdk-extension-autoconfigure-spi-1.37.0-sources.jar
2025-12-30 19:43:52,375 [Worker-8: Download sources and javadoc] INFO  o.e.m.j.internal.DownloadSourcesJob - Downloaded sources for io.opentelemetry:opentelemetry-sdk-extension-autoconfigure-spi:1.37.0
2025-12-30 19:43:52,442 [Worker-8: Download sources and javadoc] INFO  o.e.m.c.i.e.AbstractTransferListenerAdapter - Downloading https://repo.maven.apache.org/maven2/io/opentelemetry/opentelemetry-sdk-extension-autoconfigure/1.37.0/opentelemetry-sdk-extension-autoconfigure-1.37.0-sources.jar
2025-12-30 19:43:52,446 [Worker-8: Download sources and javadoc] INFO  o.e.m.c.i.e.AbstractTransferListenerAdapter - Downloaded https://repo.maven.apache.org/maven2/io/opentelemetry/opentelemetry-sdk-extension-autoconfigure/1.37.0/opentelemetry-sdk-extension-autoconfigure-1.37.0-sources.jar
2025-12-30 19:43:52,450 [Worker-8: Download sources and javadoc] INFO  o.e.m.j.internal.DownloadSourcesJob - Downloaded sources for io.opentelemetry:opentelemetry-sdk-extension-autoconfigure:1.37.0
2025-12-30 19:43:52,533 [Worker-8: Download sources and javadoc] INFO  o.e.m.c.i.e.AbstractTransferListenerAdapter - Downloading https://repo.maven.apache.org/maven2/io/opentelemetry/opentelemetry-api-incubator/1.37.0-alpha/opentelemetry-api-incubator-1.37.0-alpha-sources.jar
2025-12-30 19:43:52,538 [Worker-8: Download sources and javadoc] INFO  o.e.m.c.i.e.AbstractTransferListenerAdapter - Downloaded https://repo.maven.apache.org/maven2/io/opentelemetry/opentelemetry-api-incubator/1.37.0-alpha/opentelemetry-api-incubator-1.37.0-alpha-sources.jar
2025-12-30 19:43:52,543 [Worker-8: Download sources and javadoc] INFO  o.e.m.j.internal.DownloadSourcesJob - Downloaded sources for io.opentelemetry:opentelemetry-api-incubator:1.37.0-alpha
2025-12-30 19:43:52,659 [Worker-8: Download sources and javadoc] INFO  o.e.m.c.i.e.AbstractTransferListenerAdapter - Downloading https://repo.maven.apache.org/maven2/io/opentelemetry/opentelemetry-sdk-trace/1.37.0/opentelemetry-sdk-trace-1.37.0-sources.jar
2025-12-30 19:43:52,668 [Worker-8: Download sources and javadoc] INFO  o.e.m.c.i.e.AbstractTransferListenerAdapter - Downloaded https://repo.maven.apache.org/maven2/io/opentelemetry/opentelemetry-sdk-trace/1.37.0/opentelemetry-sdk-trace-1.37.0-sources.jar
2025-12-30 19:43:52,674 [Worker-8: Download sources and javadoc] INFO  o.e.m.j.internal.DownloadSourcesJob - Downloaded sources for io.opentelemetry:opentelemetry-sdk-trace:1.37.0
2025-12-30 19:43:52,757 [Worker-8: Download sources and javadoc] INFO  o.e.m.c.i.e.AbstractTransferListenerAdapter - Downloading https://repo.maven.apache.org/maven2/io/opentelemetry/opentelemetry-sdk/1.37.0/opentelemetry-sdk-1.37.0-sources.jar
2025-12-30 19:43:52,763 [Worker-8: Download sources and javadoc] INFO  o.e.m.c.i.e.AbstractTransferListenerAdapter - Downloaded https://repo.maven.apache.org/maven2/io/opentelemetry/opentelemetry-sdk/1.37.0/opentelemetry-sdk-1.37.0-sources.jar
2025-12-30 19:43:52,769 [Worker-8: Download sources and javadoc] INFO  o.e.m.j.internal.DownloadSourcesJob - Downloaded sources for io.opentelemetry:opentelemetry-sdk:1.37.0
2025-12-30 19:43:52,860 [Worker-8: Download sources and javadoc] INFO  o.e.m.c.i.e.AbstractTransferListenerAdapter - Downloading https://repo.maven.apache.org/maven2/io/opentelemetry/opentelemetry-sdk-metrics/1.37.0/opentelemetry-sdk-metrics-1.37.0-sources.jar
2025-12-30 19:43:52,897 [Worker-8: Download sources and javadoc] INFO  o.e.m.c.i.e.AbstractTransferListenerAdapter - Downloaded https://repo.maven.apache.org/maven2/io/opentelemetry/opentelemetry-sdk-metrics/1.37.0/opentelemetry-sdk-metrics-1.37.0-sources.jar
2025-12-30 19:43:52,901 [Worker-8: Download sources and javadoc] INFO  o.e.m.j.internal.DownloadSourcesJob - Downloaded sources for io.opentelemetry:opentelemetry-sdk-metrics:1.37.0
2025-12-30 19:43:53,009 [Worker-8: Download sources and javadoc] INFO  o.e.m.c.i.e.AbstractTransferListenerAdapter - Downloading https://repo.maven.apache.org/maven2/io/opentelemetry/opentelemetry-sdk-logs/1.37.0/opentelemetry-sdk-logs-1.37.0-sources.jar
2025-12-30 19:43:53,013 [Worker-8: Download sources and javadoc] INFO  o.e.m.c.i.e.AbstractTransferListenerAdapter - Downloaded https://repo.maven.apache.org/maven2/io/opentelemetry/opentelemetry-sdk-logs/1.37.0/opentelemetry-sdk-logs-1.37.0-sources.jar
2025-12-30 19:43:53,018 [Worker-8: Download sources and javadoc] INFO  o.e.m.j.internal.DownloadSourcesJob - Downloaded sources for io.opentelemetry:opentelemetry-sdk-logs:1.37.0
2025-12-30 19:43:53,088 [Worker-8: Download sources and javadoc] INFO  o.e.m.c.i.e.AbstractTransferListenerAdapter - Downloading https://repo.maven.apache.org/maven2/org/seleniumhq/selenium/selenium-os/4.19.1/selenium-os-4.19.1-sources.jar
2025-12-30 19:43:53,093 [Worker-8: Download sources and javadoc] INFO  o.e.m.c.i.e.AbstractTransferListenerAdapter - Downloaded https://repo.maven.apache.org/maven2/org/seleniumhq/selenium/selenium-os/4.19.1/selenium-os-4.19.1-sources.jar
2025-12-30 19:43:53,096 [Worker-8: Download sources and javadoc] INFO  o.e.m.j.internal.DownloadSourcesJob - Downloaded sources for org.seleniumhq.selenium:selenium-os:4.19.1
2025-12-30 19:43:53,179 [Worker-8: Download sources and javadoc] INFO  o.e.m.c.i.e.AbstractTransferListenerAdapter - Downloading https://repo.maven.apache.org/maven2/org/apache/commons/commons-exec/1.3/commons-exec-1.3-sources.jar
2025-12-30 19:43:53,184 [Worker-8: Download sources and javadoc] INFO  o.e.m.c.i.e.AbstractTransferListenerAdapter - Downloaded https://repo.maven.apache.org/maven2/org/apache/commons/commons-exec/1.3/commons-exec-1.3-sources.jar
2025-12-30 19:43:53,189 [Worker-8: Download sources and javadoc] INFO  o.e.m.j.internal.DownloadSourcesJob - Downloaded sources for org.apache.commons:commons-exec:1.3
2025-12-30 19:43:53,244 [Worker-8: Download sources and javadoc] INFO  o.e.m.c.i.e.AbstractTransferListenerAdapter - Downloading https://repo.maven.apache.org/maven2/org/seleniumhq/selenium/selenium-safari-driver/4.19.1/selenium-safari-driver-4.19.1-sources.jar
2025-12-30 19:43:53,247 [Worker-8: Download sources and javadoc] INFO  o.e.m.c.i.e.AbstractTransferListenerAdapter - Downloaded https://repo.maven.apache.org/maven2/org/seleniumhq/selenium/selenium-safari-driver/4.19.1/selenium-safari-driver-4.19.1-sources.jar
2025-12-30 19:43:53,250 [Worker-8: Download sources and javadoc] INFO  o.e.m.j.internal.DownloadSourcesJob - Downloaded sources for org.seleniumhq.selenium:selenium-safari-driver:4.19.1
2025-12-30 19:43:53,368 [Worker-8: Download sources and javadoc] INFO  o.e.m.c.i.e.AbstractTransferListenerAdapter - Downloading https://repo.maven.apache.org/maven2/org/seleniumhq/selenium/selenium-support/4.19.1/selenium-support-4.19.1-sources.jar
2025-12-30 19:43:53,379 [Worker-8: Download sources and javadoc] INFO  o.e.m.c.i.e.AbstractTransferListenerAdapter - Downloaded https://repo.maven.apache.org/maven2/org/seleniumhq/selenium/selenium-support/4.19.1/selenium-support-4.19.1-sources.jar
2025-12-30 19:43:53,383 [Worker-8: Download sources and javadoc] INFO  o.e.m.j.internal.DownloadSourcesJob - Downloaded sources for org.seleniumhq.selenium:selenium-support:4.19.1
2025-12-30 19:44:35,257 [Worker-16: Building] INFO  o.a.m.s.f.DefaultMavenResourcesFiltering - Copying 0 resource from src\main\resources to target\classes
2025-12-30 19:44:35,258 [Worker-16: Building] INFO  o.a.m.s.f.DefaultMavenResourcesFiltering - Copying 0 resource from src\main\resources to target\classes
2025-12-30 19:44:35,263 [Worker-16: Building] INFO  o.a.m.s.f.DefaultMavenResourcesFiltering - skip non existing resourceDirectory C:\Users\fatmagül\Desktop\Alisveris-Sitesi---backend-main\Alisveris-Sitesi---backend-main\src\test\resources
2025-12-30 19:44:50,126 [Worker-20: Building] INFO  o.a.m.s.f.DefaultMavenResourcesFiltering - Copying 0 resource from src\main\resources to target\classes
2025-12-30 19:44:50,127 [Worker-20: Building] INFO  o.a.m.s.f.DefaultMavenResourcesFiltering - Copying 0 resource from src\main\resources to target\classes
2025-12-30 19:44:50,131 [Worker-20: Building] INFO  o.a.m.s.f.DefaultMavenResourcesFiltering - skip non existing resourceDirectory C:\Users\fatmagül\Desktop\Alisveris-Sitesi---backend-main\Alisveris-Sitesi---backend-main\src\test\resources
2025-12-30 19:45:14,609 [Worker-24: Building] INFO  o.a.m.s.f.DefaultMavenResourcesFiltering - Copying 0 resource from src\main\resources to target\classes
2025-12-30 19:45:14,609 [Worker-24: Building] INFO  o.a.m.s.f.DefaultMavenResourcesFiltering - Copying 0 resource from src\main\resources to target\classes
2025-12-30 19:45:14,613 [Worker-24: Building] INFO  o.a.m.s.f.DefaultMavenResourcesFiltering - skip non existing resourceDirectory C:\Users\fatmagül\Desktop\Alisveris-Sitesi---backend-main\Alisveris-Sitesi---backend-main\src\test\resources
2025-12-30 19:45:24,458 [Worker-16: Building] INFO  o.a.m.s.f.DefaultMavenResourcesFiltering - Copying 0 resource from src\main\resources to target\classes
2025-12-30 19:45:24,459 [Worker-16: Building] INFO  o.a.m.s.f.DefaultMavenResourcesFiltering - Copying 0 resource from src\main\resources to target\classes
2025-12-30 19:45:24,464 [Worker-16: Building] INFO  o.a.m.s.f.DefaultMavenResourcesFiltering - skip non existing resourceDirectory C:\Users\fatmagül\Desktop\Alisveris-Sitesi---backend-main\Alisveris-Sitesi---backend-main\src\test\resources
2025-12-30 19:45:36,078 [Worker-22: Building] INFO  o.a.m.s.f.DefaultMavenResourcesFiltering - Copying 0 resource from src\main\resources to target\classes
2025-12-30 19:45:36,078 [Worker-22: Building] INFO  o.a.m.s.f.DefaultMavenResourcesFiltering - Copying 0 resource from src\main\resources to target\classes
2025-12-30 19:45:36,084 [Worker-22: Building] INFO  o.a.m.s.f.DefaultMavenResourcesFiltering - skip non existing resourceDirectory C:\Users\fatmagül\Desktop\Alisveris-Sitesi---backend-main\Alisveris-Sitesi---backend-main\src\test\resources
2025-12-30 19:45:48,989 [Worker-23: Building] INFO  o.a.m.s.f.DefaultMavenResourcesFiltering - Copying 0 resource from src\main\resources to target\classes
2025-12-30 19:45:48,991 [Worker-23: Building] INFO  o.a.m.s.f.DefaultMavenResourcesFiltering - Copying 0 resource from src\main\resources to target\classes
2025-12-30 19:45:48,995 [Worker-23: Building] INFO  o.a.m.s.f.DefaultMavenResourcesFiltering - skip non existing resourceDirectory C:\Users\fatmagül\Desktop\Alisveris-Sitesi---backend-main\Alisveris-Sitesi---backend-main\src\test\resources
2025-12-30 19:45:58,696 [Worker-8: Building] INFO  o.a.m.s.f.DefaultMavenResourcesFiltering - Copying 0 resource from src\main\resources to target\classes
2025-12-30 19:45:58,697 [Worker-8: Building] INFO  o.a.m.s.f.DefaultMavenResourcesFiltering - Copying 0 resource from src\main\resources to target\classes
2025-12-30 19:45:58,702 [Worker-8: Building] INFO  o.a.m.s.f.DefaultMavenResourcesFiltering - skip non existing resourceDirectory C:\Users\fatmagül\Desktop\Alisveris-Sitesi---backend-main\Alisveris-Sitesi---backend-main\src\test\resources
2025-12-30 19:46:17,196 [Worker-20: Building] INFO  o.a.m.s.f.DefaultMavenResourcesFiltering - Copying 0 resource from src\main\resources to target\classes
2025-12-30 19:46:17,197 [Worker-20: Building] INFO  o.a.m.s.f.DefaultMavenResourcesFiltering - Copying 0 resource from src\main\resources to target\classes
2025-12-30 19:46:17,200 [Worker-20: Building] INFO  o.a.m.s.f.DefaultMavenResourcesFiltering - skip non existing resourceDirectory C:\Users\fatmagül\Desktop\Alisveris-Sitesi---backend-main\Alisveris-Sitesi---backend-main\src\test\resources
2025-12-30 19:48:54,017 [Worker-22: Building] INFO  o.a.m.s.f.DefaultMavenResourcesFiltering - Copying 0 resource from src\main\resources to target\classes
2025-12-30 19:48:54,017 [Worker-22: Building] INFO  o.a.m.s.f.DefaultMavenResourcesFiltering - Copying 0 resource from src\main\resources to target\classes
2025-12-30 19:48:54,020 [Worker-22: Building] INFO  o.a.m.s.f.DefaultMavenResourcesFiltering - skip non existing resourceDirectory C:\Users\fatmagül\Desktop\Alisveris-Sitesi---backend-main\Alisveris-Sitesi---backend-main\src\test\resources
2025-12-30 19:55:21,318 [Worker-20: Launching Executing test in C__Users_fatmagül_Desktop_Alisveris-Sitesi---backend-main_Alisveris-Sitesi---backend-main] INFO  o.eclipse.m2e.core.internal.Bundles - getClasspathEntries(Bundle=org.eclipse.m2e.maven.runtime_3.9.700.20240602-2313 [644])
2025-12-30 19:55:21,323 [Worker-20: Launching Executing test in C__Users_fatmagül_Desktop_Alisveris-Sitesi---backend-main_Alisveris-Sitesi---backend-main] INFO  o.eclipse.m2e.core.internal.Bundles - 	Entry: C:\Users\fatmagül\.p2\pool\plugins\org.eclipse.m2e.maven.runtime_3.9.700.20240602-2313
2025-12-30 19:55:21,323 [Worker-20: Launching Executing test in C__Users_fatmagül_Desktop_Alisveris-Sitesi---backend-main_Alisveris-Sitesi---backend-main] INFO  o.eclipse.m2e.core.internal.Bundles - 	Entry: C:\Users\fatmagül\.p2\pool\plugins\org.eclipse.m2e.maven.runtime_3.9.700.20240602-2313\jars\aopalliance-1.0.jar
2025-12-30 19:55:21,323 [Worker-20: Launching Executing test in C__Users_fatmagül_Desktop_Alisveris-Sitesi---backend-main_Alisveris-Sitesi---backend-main] INFO  o.eclipse.m2e.core.internal.Bundles - 	Entry: C:\Users\fatmagül\.p2\pool\plugins\org.eclipse.m2e.maven.runtime_3.9.700.20240602-2313\jars\guice-5.1.0.jar
2025-12-30 19:55:21,324 [Worker-20: Launching Executing test in C__Users_fatmagül_Desktop_Alisveris-Sitesi---backend-main_Alisveris-Sitesi---backend-main] INFO  o.eclipse.m2e.core.internal.Bundles - 	Entry: C:\Users\fatmagül\.p2\pool\plugins\org.eclipse.m2e.maven.runtime_3.9.700.20240602-2313\jars\httpclient-4.5.14.jar
2025-12-30 19:55:21,325 [Worker-20: Launching Executing test in C__Users_fatmagül_Desktop_Alisveris-Sitesi---backend-main_Alisveris-Sitesi---backend-main] INFO  o.eclipse.m2e.core.internal.Bundles - 	Entry: C:\Users\fatmagül\.p2\pool\plugins\org.eclipse.m2e.maven.runtime_3.9.700.20240602-2313\jars\httpcore-4.4.16.jar
2025-12-30 19:55:21,325 [Worker-20: Launching Executing test in C__Users_fatmagül_Desktop_Alisveris-Sitesi---backend-main_Alisveris-Sitesi---backend-main] INFO  o.eclipse.m2e.core.internal.Bundles - 	Entry: C:\Users\fatmagül\.p2\pool\plugins\org.eclipse.m2e.maven.runtime_3.9.700.20240602-2313\jars\jansi-2.4.1.jar
2025-12-30 19:55:21,325 [Worker-20: Launching Executing test in C__Users_fatmagül_Desktop_Alisveris-Sitesi---backend-main_Alisveris-Sitesi---backend-main] INFO  o.eclipse.m2e.core.internal.Bundles - 	Entry: C:\Users\fatmagül\.p2\pool\plugins\org.eclipse.m2e.maven.runtime_3.9.700.20240602-2313\jars\jcl-over-slf4j-1.7.36.jar
2025-12-30 19:55:21,325 [Worker-20: Launching Executing test in C__Users_fatmagül_Desktop_Alisveris-Sitesi---backend-main_Alisveris-Sitesi---backend-main] INFO  o.eclipse.m2e.core.internal.Bundles - 	Entry: C:\Users\fatmagül\.p2\pool\plugins\org.eclipse.m2e.maven.runtime_3.9.700.20240602-2313\jars\maven-artifact-3.9.7.jar
2025-12-30 19:55:21,325 [Worker-20: Launching Executing test in C__Users_fatmagül_Desktop_Alisveris-Sitesi---backend-main_Alisveris-Sitesi---backend-main] INFO  o.eclipse.m2e.core.internal.Bundles - 	Entry: C:\Users\fatmagül\.p2\pool\plugins\org.eclipse.m2e.maven.runtime_3.9.700.20240602-2313\jars\maven-builder-support-3.9.7.jar
2025-12-30 19:55:21,326 [Worker-20: Launching Executing test in C__Users_fatmagül_Desktop_Alisveris-Sitesi---backend-main_Alisveris-Sitesi---backend-main] INFO  o.eclipse.m2e.core.internal.Bundles - 	Entry: C:\Users\fatmagül\.p2\pool\plugins\org.eclipse.m2e.maven.runtime_3.9.700.20240602-2313\jars\maven-compat-3.9.7.jar
2025-12-30 19:55:21,326 [Worker-20: Launching Executing test in C__Users_fatmagül_Desktop_Alisveris-Sitesi---backend-main_Alisveris-Sitesi---backend-main] INFO  o.eclipse.m2e.core.internal.Bundles - 	Entry: C:\Users\fatmagül\.p2\pool\plugins\org.eclipse.m2e.maven.runtime_3.9.700.20240602-2313\jars\maven-core-3.9.7.jar
2025-12-30 19:55:21,326 [Worker-20: Launching Executing test in C__Users_fatmagül_Desktop_Alisveris-Sitesi---backend-main_Alisveris-Sitesi---backend-main] INFO  o.eclipse.m2e.core.internal.Bundles - 	Entry: C:\Users\fatmagül\.p2\pool\plugins\org.eclipse.m2e.maven.runtime_3.9.700.20240602-2313\jars\maven-embedder-3.9.7.jar
2025-12-30 19:55:21,326 [Worker-20: Launching Executing test in C__Users_fatmagül_Desktop_Alisveris-Sitesi---backend-main_Alisveris-Sitesi---backend-main] INFO  o.eclipse.m2e.core.internal.Bundles - 	Entry: C:\Users\fatmagül\.p2\pool\plugins\org.eclipse.m2e.maven.runtime_3.9.700.20240602-2313\jars\maven-model-3.9.7.jar
2025-12-30 19:55:21,326 [Worker-20: Launching Executing test in C__Users_fatmagül_Desktop_Alisveris-Sitesi---backend-main_Alisveris-Sitesi---backend-main] INFO  o.eclipse.m2e.core.internal.Bundles - 	Entry: C:\Users\fatmagül\.p2\pool\plugins\org.eclipse.m2e.maven.runtime_3.9.700.20240602-2313\jars\maven-model-builder-3.9.7.jar
2025-12-30 19:55:21,326 [Worker-20: Launching Executing test in C__Users_fatmagül_Desktop_Alisveris-Sitesi---backend-main_Alisveris-Sitesi---backend-main] INFO  o.eclipse.m2e.core.internal.Bundles - 	Entry: C:\Users\fatmagül\.p2\pool\plugins\org.eclipse.m2e.maven.runtime_3.9.700.20240602-2313\jars\maven-plugin-api-3.9.7.jar
2025-12-30 19:55:21,326 [Worker-20: Launching Executing test in C__Users_fatmagül_Desktop_Alisveris-Sitesi---backend-main_Alisveris-Sitesi---backend-main] INFO  o.eclipse.m2e.core.internal.Bundles - 	Entry: C:\Users\fatmagül\.p2\pool\plugins\org.eclipse.m2e.maven.runtime_3.9.700.20240602-2313\jars\maven-repository-metadata-3.9.7.jar
2025-12-30 19:55:21,326 [Worker-20: Launching Executing test in C__Users_fatmagül_Desktop_Alisveris-Sitesi---backend-main_Alisveris-Sitesi---backend-main] INFO  o.eclipse.m2e.core.internal.Bundles - 	Entry: C:\Users\fatmagül\.p2\pool\plugins\org.eclipse.m2e.maven.runtime_3.9.700.20240602-2313\jars\maven-resolver-api-1.9.20.jar
2025-12-30 19:55:21,327 [Worker-20: Launching Executing test in C__Users_fatmagül_Desktop_Alisveris-Sitesi---backend-main_Alisveris-Sitesi---backend-main] INFO  o.eclipse.m2e.core.internal.Bundles - 	Entry: C:\Users\fatmagül\.p2\pool\plugins\org.eclipse.m2e.maven.runtime_3.9.700.20240602-2313\jars\maven-resolver-connector-basic-1.9.20.jar
2025-12-30 19:55:21,327 [Worker-20: Launching Executing test in C__Users_fatmagül_Desktop_Alisveris-Sitesi---backend-main_Alisveris-Sitesi---backend-main] INFO  o.eclipse.m2e.core.internal.Bundles - 	Entry: C:\Users\fatmagül\.p2\pool\plugins\org.eclipse.m2e.maven.runtime_3.9.700.20240602-2313\jars\maven-resolver-impl-1.9.20.jar
2025-12-30 19:55:21,327 [Worker-20: Launching Executing test in C__Users_fatmagül_Desktop_Alisveris-Sitesi---backend-main_Alisveris-Sitesi---backend-main] INFO  o.eclipse.m2e.core.internal.Bundles - 	Entry: C:\Users\fatmagül\.p2\pool\plugins\org.eclipse.m2e.maven.runtime_3.9.700.20240602-2313\jars\maven-resolver-named-locks-1.9.20.jar
2025-12-30 19:55:21,327 [Worker-20: Launching Executing test in C__Users_fatmagül_Desktop_Alisveris-Sitesi---backend-main_Alisveris-Sitesi---backend-main] INFO  o.eclipse.m2e.core.internal.Bundles - 	Entry: C:\Users\fatmagül\.p2\pool\plugins\org.eclipse.m2e.maven.runtime_3.9.700.20240602-2313\jars\maven-resolver-provider-3.9.7.jar
2025-12-30 19:55:21,327 [Worker-20: Launching Executing test in C__Users_fatmagül_Desktop_Alisveris-Sitesi---backend-main_Alisveris-Sitesi---backend-main] INFO  o.eclipse.m2e.core.internal.Bundles - 	Entry: C:\Users\fatmagül\.p2\pool\plugins\org.eclipse.m2e.maven.runtime_3.9.700.20240602-2313\jars\maven-resolver-spi-1.9.20.jar
2025-12-30 19:55:21,327 [Worker-20: Launching Executing test in C__Users_fatmagül_Desktop_Alisveris-Sitesi---backend-main_Alisveris-Sitesi---backend-main] INFO  o.eclipse.m2e.core.internal.Bundles - 	Entry: C:\Users\fatmagül\.p2\pool\plugins\org.eclipse.m2e.maven.runtime_3.9.700.20240602-2313\jars\maven-resolver-transport-file-1.9.20.jar
2025-12-30 19:55:21,327 [Worker-20: Launching Executing test in C__Users_fatmagül_Desktop_Alisveris-Sitesi---backend-main_Alisveris-Sitesi---backend-main] INFO  o.eclipse.m2e.core.internal.Bundles - 	Entry: C:\Users\fatmagül\.p2\pool\plugins\org.eclipse.m2e.maven.runtime_3.9.700.20240602-2313\jars\maven-resolver-transport-http-1.9.20.jar
2025-12-30 19:55:21,327 [Worker-20: Launching Executing test in C__Users_fatmagül_Desktop_Alisveris-Sitesi---backend-main_Alisveris-Sitesi---backend-main] INFO  o.eclipse.m2e.core.internal.Bundles - 	Entry: C:\Users\fatmagül\.p2\pool\plugins\org.eclipse.m2e.maven.runtime_3.9.700.20240602-2313\jars\maven-resolver-transport-wagon-1.9.20.jar
2025-12-30 19:55:21,327 [Worker-20: Launching Executing test in C__Users_fatmagül_Desktop_Alisveris-Sitesi---backend-main_Alisveris-Sitesi---backend-main] INFO  o.eclipse.m2e.core.internal.Bundles - 	Entry: C:\Users\fatmagül\.p2\pool\plugins\org.eclipse.m2e.maven.runtime_3.9.700.20240602-2313\jars\maven-resolver-util-1.9.20.jar
2025-12-30 19:55:21,328 [Worker-20: Launching Executing test in C__Users_fatmagül_Desktop_Alisveris-Sitesi---backend-main_Alisveris-Sitesi---backend-main] INFO  o.eclipse.m2e.core.internal.Bundles - 	Entry: C:\Users\fatmagül\.p2\pool\plugins\org.eclipse.m2e.maven.runtime_3.9.700.20240602-2313\jars\maven-settings-3.9.7.jar
2025-12-30 19:55:21,328 [Worker-20: Launching Executing test in C__Users_fatmagül_Desktop_Alisveris-Sitesi---backend-main_Alisveris-Sitesi---backend-main] INFO  o.eclipse.m2e.core.internal.Bundles - 	Entry: C:\Users\fatmagül\.p2\pool\plugins\org.eclipse.m2e.maven.runtime_3.9.700.20240602-2313\jars\maven-settings-builder-3.9.7.jar
2025-12-30 19:55:21,328 [Worker-20: Launching Executing test in C__Users_fatmagül_Desktop_Alisveris-Sitesi---backend-main_Alisveris-Sitesi---backend-main] INFO  o.eclipse.m2e.core.internal.Bundles - 	Entry: C:\Users\fatmagül\.p2\pool\plugins\org.eclipse.m2e.maven.runtime_3.9.700.20240602-2313\jars\maven-shared-utils-3.4.2.jar
2025-12-30 19:55:21,328 [Worker-20: Launching Executing test in C__Users_fatmagül_Desktop_Alisveris-Sitesi---backend-main_Alisveris-Sitesi---backend-main] INFO  o.eclipse.m2e.core.internal.Bundles - 	Entry: C:\Users\fatmagül\.p2\pool\plugins\org.eclipse.m2e.maven.runtime_3.9.700.20240602-2313\jars\org.eclipse.sisu.inject-0.9.0.M2.jar
2025-12-30 19:55:21,328 [Worker-20: Launching Executing test in C__Users_fatmagül_Desktop_Alisveris-Sitesi---backend-main_Alisveris-Sitesi---backend-main] INFO  o.eclipse.m2e.core.internal.Bundles - 	Entry: C:\Users\fatmagül\.p2\pool\plugins\org.eclipse.m2e.maven.runtime_3.9.700.20240602-2313\jars\org.eclipse.sisu.plexus-0.9.0.M2.jar
2025-12-30 19:55:21,328 [Worker-20: Launching Executing test in C__Users_fatmagül_Desktop_Alisveris-Sitesi---backend-main_Alisveris-Sitesi---backend-main] INFO  o.eclipse.m2e.core.internal.Bundles - 	Entry: C:\Users\fatmagül\.p2\pool\plugins\org.eclipse.m2e.maven.runtime_3.9.700.20240602-2313\jars\plexus-build-api-0.0.7.jar
2025-12-30 19:55:21,328 [Worker-20: Launching Executing test in C__Users_fatmagül_Desktop_Alisveris-Sitesi---backend-main_Alisveris-Sitesi---backend-main] INFO  o.eclipse.m2e.core.internal.Bundles - 	Entry: C:\Users\fatmagül\.p2\pool\plugins\org.eclipse.m2e.maven.runtime_3.9.700.20240602-2313\jars\plexus-build-api-1.2.0.jar
2025-12-30 19:55:21,328 [Worker-20: Launching Executing test in C__Users_fatmagül_Desktop_Alisveris-Sitesi---backend-main_Alisveris-Sitesi---backend-main] INFO  o.eclipse.m2e.core.internal.Bundles - 	Entry: C:\Users\fatmagül\.p2\pool\plugins\org.eclipse.m2e.maven.runtime_3.9.700.20240602-2313\jars\plexus-cipher-2.0.jar
2025-12-30 19:55:21,329 [Worker-20: Launching Executing test in C__Users_fatmagül_Desktop_Alisveris-Sitesi---backend-main_Alisveris-Sitesi---backend-main] INFO  o.eclipse.m2e.core.internal.Bundles - 	Entry: C:\Users\fatmagül\.p2\pool\plugins\org.eclipse.m2e.maven.runtime_3.9.700.20240602-2313\jars\plexus-classworlds-2.8.0.jar
2025-12-30 19:55:21,329 [Worker-20: Launching Executing test in C__Users_fatmagül_Desktop_Alisveris-Sitesi---backend-main_Alisveris-Sitesi---backend-main] INFO  o.eclipse.m2e.core.internal.Bundles - 	Entry: C:\Users\fatmagül\.p2\pool\plugins\org.eclipse.m2e.maven.runtime_3.9.700.20240602-2313\jars\plexus-component-annotations-2.1.0.jar
2025-12-30 19:55:21,329 [Worker-20: Launching Executing test in C__Users_fatmagül_Desktop_Alisveris-Sitesi---backend-main_Alisveris-Sitesi---backend-main] INFO  o.eclipse.m2e.core.internal.Bundles - 	Entry: C:\Users\fatmagül\.p2\pool\plugins\org.eclipse.m2e.maven.runtime_3.9.700.20240602-2313\jars\plexus-interpolation-1.27.jar
2025-12-30 19:55:21,329 [Worker-20: Launching Executing test in C__Users_fatmagül_Desktop_Alisveris-Sitesi---backend-main_Alisveris-Sitesi---backend-main] INFO  o.eclipse.m2e.core.internal.Bundles - 	Entry: C:\Users\fatmagül\.p2\pool\plugins\org.eclipse.m2e.maven.runtime_3.9.700.20240602-2313\jars\plexus-sec-dispatcher-2.0.jar
2025-12-30 19:55:21,329 [Worker-20: Launching Executing test in C__Users_fatmagül_Desktop_Alisveris-Sitesi---backend-main_Alisveris-Sitesi---backend-main] INFO  o.eclipse.m2e.core.internal.Bundles - 	Entry: C:\Users\fatmagül\.p2\pool\plugins\org.eclipse.m2e.maven.runtime_3.9.700.20240602-2313\jars\plexus-utils-3.5.1.jar
2025-12-30 19:55:21,329 [Worker-20: Launching Executing test in C__Users_fatmagül_Desktop_Alisveris-Sitesi---backend-main_Alisveris-Sitesi---backend-main] INFO  o.eclipse.m2e.core.internal.Bundles - 	Entry: C:\Users\fatmagül\.p2\pool\plugins\org.eclipse.m2e.maven.runtime_3.9.700.20240602-2313\jars\wagon-file-3.5.3.jar
2025-12-30 19:55:21,329 [Worker-20: Launching Executing test in C__Users_fatmagül_Desktop_Alisveris-Sitesi---backend-main_Alisveris-Sitesi---backend-main] INFO  o.eclipse.m2e.core.internal.Bundles - 	Entry: C:\Users\fatmagül\.p2\pool\plugins\org.eclipse.m2e.maven.runtime_3.9.700.20240602-2313\jars\wagon-http-3.5.3.jar
2025-12-30 19:55:21,329 [Worker-20: Launching Executing test in C__Users_fatmagül_Desktop_Alisveris-Sitesi---backend-main_Alisveris-Sitesi---backend-main] INFO  o.eclipse.m2e.core.internal.Bundles - 	Entry: C:\Users\fatmagül\.p2\pool\plugins\org.eclipse.m2e.maven.runtime_3.9.700.20240602-2313\jars\wagon-http-shared-3.5.3.jar
2025-12-30 19:55:21,330 [Worker-20: Launching Executing test in C__Users_fatmagül_Desktop_Alisveris-Sitesi---backend-main_Alisveris-Sitesi---backend-main] INFO  o.eclipse.m2e.core.internal.Bundles - 	Entry: C:\Users\fatmagül\.p2\pool\plugins\org.eclipse.m2e.maven.runtime_3.9.700.20240602-2313\jars\wagon-provider-api-3.5.3.jar
2025-12-30 19:55:21,331 [Worker-20: Launching Executing test in C__Users_fatmagül_Desktop_Alisveris-Sitesi---backend-main_Alisveris-Sitesi---backend-main] INFO  o.eclipse.m2e.core.internal.Bundles - getClasspathEntries(Bundle=com.google.guava_33.2.0.jre [16])
2025-12-30 19:55:21,331 [Worker-20: Launching Executing test in C__Users_fatmagül_Desktop_Alisveris-Sitesi---backend-main_Alisveris-Sitesi---backend-main] INFO  o.eclipse.m2e.core.internal.Bundles - 	Entry: C:\Users\fatmagül\.p2\pool\plugins\com.google.guava_33.2.0.jre.jar
2025-12-30 19:55:21,331 [Worker-20: Launching Executing test in C__Users_fatmagül_Desktop_Alisveris-Sitesi---backend-main_Alisveris-Sitesi---backend-main] INFO  o.eclipse.m2e.core.internal.Bundles - getClasspathEntries(Bundle=slf4j.api_2.0.13 [1009])
2025-12-30 19:55:21,332 [Worker-20: Launching Executing test in C__Users_fatmagül_Desktop_Alisveris-Sitesi---backend-main_Alisveris-Sitesi---backend-main] INFO  o.eclipse.m2e.core.internal.Bundles - 	Entry: C:\Users\fatmagül\.p2\pool\plugins\slf4j.api_2.0.13.jar
2025-12-30 19:55:21,332 [Worker-20: Launching Executing test in C__Users_fatmagül_Desktop_Alisveris-Sitesi---backend-main_Alisveris-Sitesi---backend-main] INFO  o.eclipse.m2e.core.internal.Bundles - getClasspathEntries(Bundle=jakarta.inject.jakarta.inject-api_1.0.5 [33])
2025-12-30 19:55:21,332 [Worker-20: Launching Executing test in C__Users_fatmagül_Desktop_Alisveris-Sitesi---backend-main_Alisveris-Sitesi---backend-main] INFO  o.eclipse.m2e.core.internal.Bundles - 	Entry: C:\Users\fatmagül\.p2\pool\plugins\jakarta.inject.jakarta.inject-api_1.0.5.jar
2025-12-30 19:55:21,332 [Worker-20: Launching Executing test in C__Users_fatmagül_Desktop_Alisveris-Sitesi---backend-main_Alisveris-Sitesi---backend-main] INFO  o.eclipse.m2e.core.internal.Bundles - getClasspathEntries(Bundle=javax.annotation_1.3.5.v20200909-1856 [44])
2025-12-30 19:55:21,332 [Worker-20: Launching Executing test in C__Users_fatmagül_Desktop_Alisveris-Sitesi---backend-main_Alisveris-Sitesi---backend-main] INFO  o.eclipse.m2e.core.internal.Bundles - 	Entry: C:\Users\fatmagül\.p2\pool\plugins\javax.annotation_1.3.5.v20200909-1856.jar
2025-12-30 19:55:21,332 [Worker-20: Launching Executing test in C__Users_fatmagül_Desktop_Alisveris-Sitesi---backend-main_Alisveris-Sitesi---backend-main] INFO  o.eclipse.m2e.core.internal.Bundles - getClasspathEntries(Bundle=org.apache.commons.cli_1.8.0 [78])
2025-12-30 19:55:21,333 [Worker-20: Launching Executing test in C__Users_fatmagül_Desktop_Alisveris-Sitesi---backend-main_Alisveris-Sitesi---backend-main] INFO  o.eclipse.m2e.core.internal.Bundles - 	Entry: C:\Users\fatmagül\.p2\pool\plugins\org.apache.commons.cli_1.8.0.jar
2025-12-30 19:55:21,333 [Worker-20: Launching Executing test in C__Users_fatmagül_Desktop_Alisveris-Sitesi---backend-main_Alisveris-Sitesi---backend-main] INFO  o.eclipse.m2e.core.internal.Bundles - getClasspathEntries(Bundle=org.apache.commons.commons-codec_1.16.0 [81])
2025-12-30 19:55:21,333 [Worker-20: Launching Executing test in C__Users_fatmagül_Desktop_Alisveris-Sitesi---backend-main_Alisveris-Sitesi---backend-main] INFO  o.eclipse.m2e.core.internal.Bundles - 	Entry: C:\Users\fatmagül\.p2\pool\plugins\org.apache.commons.commons-codec_1.16.0.jar
2025-12-30 19:55:21,333 [Worker-20: Launching Executing test in C__Users_fatmagül_Desktop_Alisveris-Sitesi---backend-main_Alisveris-Sitesi---backend-main] INFO  o.eclipse.m2e.core.internal.Bundles - getClasspathEntries(Bundle=org.apache.commons.lang3_3.14.0 [89])
2025-12-30 19:55:21,334 [Worker-20: Launching Executing test in C__Users_fatmagül_Desktop_Alisveris-Sitesi---backend-main_Alisveris-Sitesi---backend-main] INFO  o.eclipse.m2e.core.internal.Bundles - 	Entry: C:\Users\fatmagül\.p2\pool\plugins\org.apache.commons.lang3_3.14.0.jar
2025-12-30 19:55:21,334 [Worker-20: Launching Executing test in C__Users_fatmagül_Desktop_Alisveris-Sitesi---backend-main_Alisveris-Sitesi---backend-main] INFO  o.eclipse.m2e.core.internal.Bundles - getClasspathEntries(Bundle=com.google.guava.failureaccess_1.0.2 [17])
2025-12-30 19:55:21,334 [Worker-20: Launching Executing test in C__Users_fatmagül_Desktop_Alisveris-Sitesi---backend-main_Alisveris-Sitesi---backend-main] INFO  o.eclipse.m2e.core.internal.Bundles - 	Entry: C:\Users\fatmagül\.p2\pool\plugins\com.google.guava.failureaccess_1.0.2.jar
2025-12-30 19:55:21,337 [Worker-20: Launching Executing test in C__Users_fatmagül_Desktop_Alisveris-Sitesi---backend-main_Alisveris-Sitesi---backend-main] INFO  o.e.m.i.launch.MavenLaunchDelegate - Run build in "C:\Users\fatmagül\Desktop\Alisveris-Sitesi---backend-main\Alisveris-Sitesi---backend-main":
2025-12-30 19:55:21,338 [Worker-20: Launching Executing test in C__Users_fatmagül_Desktop_Alisveris-Sitesi---backend-main_Alisveris-Sitesi---backend-main] INFO  o.e.m.i.launch.MavenLaunchDelegate -  mvn  -B -Dstyle.color=always test
2025-12-30 20:00:37,417 [Worker-24: Building] INFO  o.a.m.s.f.DefaultMavenResourcesFiltering - Copying 0 resource from src\main\resources to target\classes
2025-12-30 20:00:37,417 [Worker-24: Building] INFO  o.a.m.s.f.DefaultMavenResourcesFiltering - Copying 0 resource from src\main\resources to target\classes
2025-12-30 20:00:37,421 [Worker-24: Building] INFO  o.a.m.s.f.DefaultMavenResourcesFiltering - skip non existing resourceDirectory C:\Users\fatmagül\Desktop\Alisveris-Sitesi---backend-main\Alisveris-Sitesi---backend-main\src\test\resources
2025-12-30 20:00:49,195 [Worker-25: Launching Executing test in C__Users_fatmagül_Desktop_Alisveris-Sitesi---backend-main_Alisveris-Sitesi---backend-main] INFO  o.eclipse.m2e.core.internal.Bundles - getClasspathEntries(Bundle=org.eclipse.m2e.maven.runtime_3.9.700.20240602-2313 [644])
2025-12-30 20:00:49,197 [Worker-25: Launching Executing test in C__Users_fatmagül_Desktop_Alisveris-Sitesi---backend-main_Alisveris-Sitesi---backend-main] INFO  o.eclipse.m2e.core.internal.Bundles - 	Entry: C:\Users\fatmagül\.p2\pool\plugins\org.eclipse.m2e.maven.runtime_3.9.700.20240602-2313
2025-12-30 20:00:49,197 [Worker-25: Launching Executing test in C__Users_fatmagül_Desktop_Alisveris-Sitesi---backend-main_Alisveris-Sitesi---backend-main] INFO  o.eclipse.m2e.core.internal.Bundles - 	Entry: C:\Users\fatmagül\.p2\pool\plugins\org.eclipse.m2e.maven.runtime_3.9.700.20240602-2313\jars\aopalliance-1.0.jar
2025-12-30 20:00:49,197 [Worker-25: Launching Executing test in C__Users_fatmagül_Desktop_Alisveris-Sitesi---backend-main_Alisveris-Sitesi---backend-main] INFO  o.eclipse.m2e.core.internal.Bundles - 	Entry: C:\Users\fatmagül\.p2\pool\plugins\org.eclipse.m2e.maven.runtime_3.9.700.20240602-2313\jars\guice-5.1.0.jar
2025-12-30 20:00:49,197 [Worker-25: Launching Executing test in C__Users_fatmagül_Desktop_Alisveris-Sitesi---backend-main_Alisveris-Sitesi---backend-main] INFO  o.eclipse.m2e.core.internal.Bundles - 	Entry: C:\Users\fatmagül\.p2\pool\plugins\org.eclipse.m2e.maven.runtime_3.9.700.20240602-2313\jars\httpclient-4.5.14.jar
2025-12-30 20:00:49,197 [Worker-25: Launching Executing test in C__Users_fatmagül_Desktop_Alisveris-Sitesi---backend-main_Alisveris-Sitesi---backend-main] INFO  o.eclipse.m2e.core.internal.Bundles - 	Entry: C:\Users\fatmagül\.p2\pool\plugins\org.eclipse.m2e.maven.runtime_3.9.700.20240602-2313\jars\httpcore-4.4.16.jar
2025-12-30 20:00:49,197 [Worker-25: Launching Executing test in C__Users_fatmagül_Desktop_Alisveris-Sitesi---backend-main_Alisveris-Sitesi---backend-main] INFO  o.eclipse.m2e.core.internal.Bundles - 	Entry: C:\Users\fatmagül\.p2\pool\plugins\org.eclipse.m2e.maven.runtime_3.9.700.20240602-2313\jars\jansi-2.4.1.jar
2025-12-30 20:00:49,198 [Worker-25: Launching Executing test in C__Users_fatmagül_Desktop_Alisveris-Sitesi---backend-main_Alisveris-Sitesi---backend-main] INFO  o.eclipse.m2e.core.internal.Bundles - 	Entry: C:\Users\fatmagül\.p2\pool\plugins\org.eclipse.m2e.maven.runtime_3.9.700.20240602-2313\jars\jcl-over-slf4j-1.7.36.jar
2025-12-30 20:00:49,198 [Worker-25: Launching Executing test in C__Users_fatmagül_Desktop_Alisveris-Sitesi---backend-main_Alisveris-Sitesi---backend-main] INFO  o.eclipse.m2e.core.internal.Bundles - 	Entry: C:\Users\fatmagül\.p2\pool\plugins\org.eclipse.m2e.maven.runtime_3.9.700.20240602-2313\jars\maven-artifact-3.9.7.jar
2025-12-30 20:00:49,198 [Worker-25: Launching Executing test in C__Users_fatmagül_Desktop_Alisveris-Sitesi---backend-main_Alisveris-Sitesi---backend-main] INFO  o.eclipse.m2e.core.internal.Bundles - 	Entry: C:\Users\fatmagül\.p2\pool\plugins\org.eclipse.m2e.maven.runtime_3.9.700.20240602-2313\jars\maven-builder-support-3.9.7.jar
2025-12-30 20:00:49,198 [Worker-25: Launching Executing test in C__Users_fatmagül_Desktop_Alisveris-Sitesi---backend-main_Alisveris-Sitesi---backend-main] INFO  o.eclipse.m2e.core.internal.Bundles - 	Entry: C:\Users\fatmagül\.p2\pool\plugins\org.eclipse.m2e.maven.runtime_3.9.700.20240602-2313\jars\maven-compat-3.9.7.jar
2025-12-30 20:00:49,198 [Worker-25: Launching Executing test in C__Users_fatmagül_Desktop_Alisveris-Sitesi---backend-main_Alisveris-Sitesi---backend-main] INFO  o.eclipse.m2e.core.internal.Bundles - 	Entry: C:\Users\fatmagül\.p2\pool\plugins\org.eclipse.m2e.maven.runtime_3.9.700.20240602-2313\jars\maven-core-3.9.7.jar
2025-12-30 20:00:49,198 [Worker-25: Launching Executing test in C__Users_fatmagül_Desktop_Alisveris-Sitesi---backend-main_Alisveris-Sitesi---backend-main] INFO  o.eclipse.m2e.core.internal.Bundles - 	Entry: C:\Users\fatmagül\.p2\pool\plugins\org.eclipse.m2e.maven.runtime_3.9.700.20240602-2313\jars\maven-embedder-3.9.7.jar
2025-12-30 20:00:49,198 [Worker-25: Launching Executing test in C__Users_fatmagül_Desktop_Alisveris-Sitesi---backend-main_Alisveris-Sitesi---backend-main] INFO  o.eclipse.m2e.core.internal.Bundles - 	Entry: C:\Users\fatmagül\.p2\pool\plugins\org.eclipse.m2e.maven.runtime_3.9.700.20240602-2313\jars\maven-model-3.9.7.jar
2025-12-30 20:00:49,198 [Worker-25: Launching Executing test in C__Users_fatmagül_Desktop_Alisveris-Sitesi---backend-main_Alisveris-Sitesi---backend-main] INFO  o.eclipse.m2e.core.internal.Bundles - 	Entry: C:\Users\fatmagül\.p2\pool\plugins\org.eclipse.m2e.maven.runtime_3.9.700.20240602-2313\jars\maven-model-builder-3.9.7.jar
2025-12-30 20:00:49,198 [Worker-25: Launching Executing test in C__Users_fatmagül_Desktop_Alisveris-Sitesi---backend-main_Alisveris-Sitesi---backend-main] INFO  o.eclipse.m2e.core.internal.Bundles - 	Entry: C:\Users\fatmagül\.p2\pool\plugins\org.eclipse.m2e.maven.runtime_3.9.700.20240602-2313\jars\maven-plugin-api-3.9.7.jar
2025-12-30 20:00:49,199 [Worker-25: Launching Executing test in C__Users_fatmagül_Desktop_Alisveris-Sitesi---backend-main_Alisveris-Sitesi---backend-main] INFO  o.eclipse.m2e.core.internal.Bundles - 	Entry: C:\Users\fatmagül\.p2\pool\plugins\org.eclipse.m2e.maven.runtime_3.9.700.20240602-2313\jars\maven-repository-metadata-3.9.7.jar
2025-12-30 20:00:49,199 [Worker-25: Launching Executing test in C__Users_fatmagül_Desktop_Alisveris-Sitesi---backend-main_Alisveris-Sitesi---backend-main] INFO  o.eclipse.m2e.core.internal.Bundles - 	Entry: C:\Users\fatmagül\.p2\pool\plugins\org.eclipse.m2e.maven.runtime_3.9.700.20240602-2313\jars\maven-resolver-api-1.9.20.jar
2025-12-30 20:00:49,199 [Worker-25: Launching Executing test in C__Users_fatmagül_Desktop_Alisveris-Sitesi---backend-main_Alisveris-Sitesi---backend-main] INFO  o.eclipse.m2e.core.internal.Bundles - 	Entry: C:\Users\fatmagül\.p2\pool\plugins\org.eclipse.m2e.maven.runtime_3.9.700.20240602-2313\jars\maven-resolver-connector-basic-1.9.20.jar
2025-12-30 20:00:49,199 [Worker-25: Launching Executing test in C__Users_fatmagül_Desktop_Alisveris-Sitesi---backend-main_Alisveris-Sitesi---backend-main] INFO  o.eclipse.m2e.core.internal.Bundles - 	Entry: C:\Users\fatmagül\.p2\pool\plugins\org.eclipse.m2e.maven.runtime_3.9.700.20240602-2313\jars\maven-resolver-impl-1.9.20.jar
2025-12-30 20:00:49,199 [Worker-25: Launching Executing test in C__Users_fatmagül_Desktop_Alisveris-Sitesi---backend-main_Alisveris-Sitesi---backend-main] INFO  o.eclipse.m2e.core.internal.Bundles - 	Entry: C:\Users\fatmagül\.p2\pool\plugins\org.eclipse.m2e.maven.runtime_3.9.700.20240602-2313\jars\maven-resolver-named-locks-1.9.20.jar
2025-12-30 20:00:49,200 [Worker-25: Launching Executing test in C__Users_fatmagül_Desktop_Alisveris-Sitesi---backend-main_Alisveris-Sitesi---backend-main] INFO  o.eclipse.m2e.core.internal.Bundles - 	Entry: C:\Users\fatmagül\.p2\pool\plugins\org.eclipse.m2e.maven.runtime_3.9.700.20240602-2313\jars\maven-resolver-provider-3.9.7.jar
2025-12-30 20:00:49,200 [Worker-25: Launching Executing test in C__Users_fatmagül_Desktop_Alisveris-Sitesi---backend-main_Alisveris-Sitesi---backend-main] INFO  o.eclipse.m2e.core.internal.Bundles - 	Entry: C:\Users\fatmagül\.p2\pool\plugins\org.eclipse.m2e.maven.runtime_3.9.700.20240602-2313\jars\maven-resolver-spi-1.9.20.jar
2025-12-30 20:00:49,200 [Worker-25: Launching Executing test in C__Users_fatmagül_Desktop_Alisveris-Sitesi---backend-main_Alisveris-Sitesi---backend-main] INFO  o.eclipse.m2e.core.internal.Bundles - 	Entry: C:\Users\fatmagül\.p2\pool\plugins\org.eclipse.m2e.maven.runtime_3.9.700.20240602-2313\jars\maven-resolver-transport-file-1.9.20.jar
2025-12-30 20:00:49,200 [Worker-25: Launching Executing test in C__Users_fatmagül_Desktop_Alisveris-Sitesi---backend-main_Alisveris-Sitesi---backend-main] INFO  o.eclipse.m2e.core.internal.Bundles - 	Entry: C:\Users\fatmagül\.p2\pool\plugins\org.eclipse.m2e.maven.runtime_3.9.700.20240602-2313\jars\maven-resolver-transport-http-1.9.20.jar
2025-12-30 20:00:49,200 [Worker-25: Launching Executing test in C__Users_fatmagül_Desktop_Alisveris-Sitesi---backend-main_Alisveris-Sitesi---backend-main] INFO  o.eclipse.m2e.core.internal.Bundles - 	Entry: C:\Users\fatmagül\.p2\pool\plugins\org.eclipse.m2e.maven.runtime_3.9.700.20240602-2313\jars\maven-resolver-transport-wagon-1.9.20.jar
2025-12-30 20:00:49,200 [Worker-25: Launching Executing test in C__Users_fatmagül_Desktop_Alisveris-Sitesi---backend-main_Alisveris-Sitesi---backend-main] INFO  o.eclipse.m2e.core.internal.Bundles - 	Entry: C:\Users\fatmagül\.p2\pool\plugins\org.eclipse.m2e.maven.runtime_3.9.700.20240602-2313\jars\maven-resolver-util-1.9.20.jar
2025-12-30 20:00:49,200 [Worker-25: Launching Executing test in C__Users_fatmagül_Desktop_Alisveris-Sitesi---backend-main_Alisveris-Sitesi---backend-main] INFO  o.eclipse.m2e.core.internal.Bundles - 	Entry: C:\Users\fatmagül\.p2\pool\plugins\org.eclipse.m2e.maven.runtime_3.9.700.20240602-2313\jars\maven-settings-3.9.7.jar
2025-12-30 20:00:49,200 [Worker-25: Launching Executing test in C__Users_fatmagül_Desktop_Alisveris-Sitesi---backend-main_Alisveris-Sitesi---backend-main] INFO  o.eclipse.m2e.core.internal.Bundles - 	Entry: C:\Users\fatmagül\.p2\pool\plugins\org.eclipse.m2e.maven.runtime_3.9.700.20240602-2313\jars\maven-settings-builder-3.9.7.jar
2025-12-30 20:00:49,201 [Worker-25: Launching Executing test in C__Users_fatmagül_Desktop_Alisveris-Sitesi---backend-main_Alisveris-Sitesi---backend-main] INFO  o.eclipse.m2e.core.internal.Bundles - 	Entry: C:\Users\fatmagül\.p2\pool\plugins\org.eclipse.m2e.maven.runtime_3.9.700.20240602-2313\jars\maven-shared-utils-3.4.2.jar
2025-12-30 20:00:49,201 [Worker-25: Launching Executing test in C__Users_fatmagül_Desktop_Alisveris-Sitesi---backend-main_Alisveris-Sitesi---backend-main] INFO  o.eclipse.m2e.core.internal.Bundles - 	Entry: C:\Users\fatmagül\.p2\pool\plugins\org.eclipse.m2e.maven.runtime_3.9.700.20240602-2313\jars\org.eclipse.sisu.inject-0.9.0.M2.jar
2025-12-30 20:00:49,201 [Worker-25: Launching Executing test in C__Users_fatmagül_Desktop_Alisveris-Sitesi---backend-main_Alisveris-Sitesi---backend-main] INFO  o.eclipse.m2e.core.internal.Bundles - 	Entry: C:\Users\fatmagül\.p2\pool\plugins\org.eclipse.m2e.maven.runtime_3.9.700.20240602-2313\jars\org.eclipse.sisu.plexus-0.9.0.M2.jar
2025-12-30 20:00:49,201 [Worker-25: Launching Executing test in C__Users_fatmagül_Desktop_Alisveris-Sitesi---backend-main_Alisveris-Sitesi---backend-main] INFO  o.eclipse.m2e.core.internal.Bundles - 	Entry: C:\Users\fatmagül\.p2\pool\plugins\org.eclipse.m2e.maven.runtime_3.9.700.20240602-2313\jars\plexus-build-api-0.0.7.jar
2025-12-30 20:00:49,201 [Worker-25: Launching Executing test in C__Users_fatmagül_Desktop_Alisveris-Sitesi---backend-main_Alisveris-Sitesi---backend-main] INFO  o.eclipse.m2e.core.internal.Bundles - 	Entry: C:\Users\fatmagül\.p2\pool\plugins\org.eclipse.m2e.maven.runtime_3.9.700.20240602-2313\jars\plexus-build-api-1.2.0.jar
2025-12-30 20:00:49,201 [Worker-25: Launching Executing test in C__Users_fatmagül_Desktop_Alisveris-Sitesi---backend-main_Alisveris-Sitesi---backend-main] INFO  o.eclipse.m2e.core.internal.Bundles - 	Entry: C:\Users\fatmagül\.p2\pool\plugins\org.eclipse.m2e.maven.runtime_3.9.700.20240602-2313\jars\plexus-cipher-2.0.jar
2025-12-30 20:00:49,202 [Worker-25: Launching Executing test in C__Users_fatmagül_Desktop_Alisveris-Sitesi---backend-main_Alisveris-Sitesi---backend-main] INFO  o.eclipse.m2e.core.internal.Bundles - 	Entry: C:\Users\fatmagül\.p2\pool\plugins\org.eclipse.m2e.maven.runtime_3.9.700.20240602-2313\jars\plexus-classworlds-2.8.0.jar
2025-12-30 20:00:49,202 [Worker-25: Launching Executing test in C__Users_fatmagül_Desktop_Alisveris-Sitesi---backend-main_Alisveris-Sitesi---backend-main] INFO  o.eclipse.m2e.core.internal.Bundles - 	Entry: C:\Users\fatmagül\.p2\pool\plugins\org.eclipse.m2e.maven.runtime_3.9.700.20240602-2313\jars\plexus-component-annotations-2.1.0.jar
2025-12-30 20:00:49,202 [Worker-25: Launching Executing test in C__Users_fatmagül_Desktop_Alisveris-Sitesi---backend-main_Alisveris-Sitesi---backend-main] INFO  o.eclipse.m2e.core.internal.Bundles - 	Entry: C:\Users\fatmagül\.p2\pool\plugins\org.eclipse.m2e.maven.runtime_3.9.700.20240602-2313\jars\plexus-interpolation-1.27.jar
2025-12-30 20:00:49,202 [Worker-25: Launching Executing test in C__Users_fatmagül_Desktop_Alisveris-Sitesi---backend-main_Alisveris-Sitesi---backend-main] INFO  o.eclipse.m2e.core.internal.Bundles - 	Entry: C:\Users\fatmagül\.p2\pool\plugins\org.eclipse.m2e.maven.runtime_3.9.700.20240602-2313\jars\plexus-sec-dispatcher-2.0.jar
2025-12-30 20:00:49,202 [Worker-25: Launching Executing test in C__Users_fatmagül_Desktop_Alisveris-Sitesi---backend-main_Alisveris-Sitesi---backend-main] INFO  o.eclipse.m2e.core.internal.Bundles - 	Entry: C:\Users\fatmagül\.p2\pool\plugins\org.eclipse.m2e.maven.runtime_3.9.700.20240602-2313\jars\plexus-utils-3.5.1.jar
2025-12-30 20:00:49,202 [Worker-25: Launching Executing test in C__Users_fatmagül_Desktop_Alisveris-Sitesi---backend-main_Alisveris-Sitesi---backend-main] INFO  o.eclipse.m2e.core.internal.Bundles - 	Entry: C:\Users\fatmagül\.p2\pool\plugins\org.eclipse.m2e.maven.runtime_3.9.700.20240602-2313\jars\wagon-file-3.5.3.jar
2025-12-30 20:00:49,202 [Worker-25: Launching Executing test in C__Users_fatmagül_Desktop_Alisveris-Sitesi---backend-main_Alisveris-Sitesi---backend-main] INFO  o.eclipse.m2e.core.internal.Bundles - 	Entry: C:\Users\fatmagül\.p2\pool\plugins\org.eclipse.m2e.maven.runtime_3.9.700.20240602-2313\jars\wagon-http-3.5.3.jar
2025-12-30 20:00:49,202 [Worker-25: Launching Executing test in C__Users_fatmagül_Desktop_Alisveris-Sitesi---backend-main_Alisveris-Sitesi---backend-main] INFO  o.eclipse.m2e.core.internal.Bundles - 	Entry: C:\Users\fatmagül\.p2\pool\plugins\org.eclipse.m2e.maven.runtime_3.9.700.20240602-2313\jars\wagon-http-shared-3.5.3.jar
2025-12-30 20:00:49,202 [Worker-25: Launching Executing test in C__Users_fatmagül_Desktop_Alisveris-Sitesi---backend-main_Alisveris-Sitesi---backend-main] INFO  o.eclipse.m2e.core.internal.Bundles - 	Entry: C:\Users\fatmagül\.p2\pool\plugins\org.eclipse.m2e.maven.runtime_3.9.700.20240602-2313\jars\wagon-provider-api-3.5.3.jar
2025-12-30 20:00:49,203 [Worker-25: Launching Executing test in C__Users_fatmagül_Desktop_Alisveris-Sitesi---backend-main_Alisveris-Sitesi---backend-main] INFO  o.eclipse.m2e.core.internal.Bundles - getClasspathEntries(Bundle=com.google.guava_33.2.0.jre [16])
2025-12-30 20:00:49,203 [Worker-25: Launching Executing test in C__Users_fatmagül_Desktop_Alisveris-Sitesi---backend-main_Alisveris-Sitesi---backend-main] INFO  o.eclipse.m2e.core.internal.Bundles - 	Entry: C:\Users\fatmagül\.p2\pool\plugins\com.google.guava_33.2.0.jre.jar
2025-12-30 20:00:49,203 [Worker-25: Launching Executing test in C__Users_fatmagül_Desktop_Alisveris-Sitesi---backend-main_Alisveris-Sitesi---backend-main] INFO  o.eclipse.m2e.core.internal.Bundles - getClasspathEntries(Bundle=slf4j.api_2.0.13 [1009])
2025-12-30 20:00:49,204 [Worker-25: Launching Executing test in C__Users_fatmagül_Desktop_Alisveris-Sitesi---backend-main_Alisveris-Sitesi---backend-main] INFO  o.eclipse.m2e.core.internal.Bundles - 	Entry: C:\Users\fatmagül\.p2\pool\plugins\slf4j.api_2.0.13.jar
2025-12-30 20:00:49,204 [Worker-25: Launching Executing test in C__Users_fatmagül_Desktop_Alisveris-Sitesi---backend-main_Alisveris-Sitesi---backend-main] INFO  o.eclipse.m2e.core.internal.Bundles - getClasspathEntries(Bundle=jakarta.inject.jakarta.inject-api_1.0.5 [33])
2025-12-30 20:00:49,204 [Worker-25: Launching Executing test in C__Users_fatmagül_Desktop_Alisveris-Sitesi---backend-main_Alisveris-Sitesi---backend-main] INFO  o.eclipse.m2e.core.internal.Bundles - 	Entry: C:\Users\fatmagül\.p2\pool\plugins\jakarta.inject.jakarta.inject-api_1.0.5.jar
2025-12-30 20:00:49,204 [Worker-25: Launching Executing test in C__Users_fatmagül_Desktop_Alisveris-Sitesi---backend-main_Alisveris-Sitesi---backend-main] INFO  o.eclipse.m2e.core.internal.Bundles - getClasspathEntries(Bundle=javax.annotation_1.3.5.v20200909-1856 [44])
2025-12-30 20:00:49,204 [Worker-25: Launching Executing test in C__Users_fatmagül_Desktop_Alisveris-Sitesi---backend-main_Alisveris-Sitesi---backend-main] INFO  o.eclipse.m2e.core.internal.Bundles - 	Entry: C:\Users\fatmagül\.p2\pool\plugins\javax.annotation_1.3.5.v20200909-1856.jar
2025-12-30 20:00:49,204 [Worker-25: Launching Executing test in C__Users_fatmagül_Desktop_Alisveris-Sitesi---backend-main_Alisveris-Sitesi---backend-main] INFO  o.eclipse.m2e.core.internal.Bundles - getClasspathEntries(Bundle=org.apache.commons.cli_1.8.0 [78])
2025-12-30 20:00:49,205 [Worker-25: Launching Executing test in C__Users_fatmagül_Desktop_Alisveris-Sitesi---backend-main_Alisveris-Sitesi---backend-main] INFO  o.eclipse.m2e.core.internal.Bundles - 	Entry: C:\Users\fatmagül\.p2\pool\plugins\org.apache.commons.cli_1.8.0.jar
2025-12-30 20:00:49,205 [Worker-25: Launching Executing test in C__Users_fatmagül_Desktop_Alisveris-Sitesi---backend-main_Alisveris-Sitesi---backend-main] INFO  o.eclipse.m2e.core.internal.Bundles - getClasspathEntries(Bundle=org.apache.commons.commons-codec_1.16.0 [81])
2025-12-30 20:00:49,205 [Worker-25: Launching Executing test in C__Users_fatmagül_Desktop_Alisveris-Sitesi---backend-main_Alisveris-Sitesi---backend-main] INFO  o.eclipse.m2e.core.internal.Bundles - 	Entry: C:\Users\fatmagül\.p2\pool\plugins\org.apache.commons.commons-codec_1.16.0.jar
2025-12-30 20:00:49,205 [Worker-25: Launching Executing test in C__Users_fatmagül_Desktop_Alisveris-Sitesi---backend-main_Alisveris-Sitesi---backend-main] INFO  o.eclipse.m2e.core.internal.Bundles - getClasspathEntries(Bundle=org.apache.commons.lang3_3.14.0 [89])
2025-12-30 20:00:49,205 [Worker-25: Launching Executing test in C__Users_fatmagül_Desktop_Alisveris-Sitesi---backend-main_Alisveris-Sitesi---backend-main] INFO  o.eclipse.m2e.core.internal.Bundles - 	Entry: C:\Users\fatmagül\.p2\pool\plugins\org.apache.commons.lang3_3.14.0.jar
2025-12-30 20:00:49,205 [Worker-25: Launching Executing test in C__Users_fatmagül_Desktop_Alisveris-Sitesi---backend-main_Alisveris-Sitesi---backend-main] INFO  o.eclipse.m2e.core.internal.Bundles - getClasspathEntries(Bundle=com.google.guava.failureaccess_1.0.2 [17])
2025-12-30 20:00:49,206 [Worker-25: Launching Executing test in C__Users_fatmagül_Desktop_Alisveris-Sitesi---backend-main_Alisveris-Sitesi---backend-main] INFO  o.eclipse.m2e.core.internal.Bundles - 	Entry: C:\Users\fatmagül\.p2\pool\plugins\com.google.guava.failureaccess_1.0.2.jar
2025-12-30 20:00:49,207 [Worker-25: Launching Executing test in C__Users_fatmagül_Desktop_Alisveris-Sitesi---backend-main_Alisveris-Sitesi---backend-main] INFO  o.e.m.i.launch.MavenLaunchDelegate - Run build in "C:\Users\fatmagül\Desktop\Alisveris-Sitesi---backend-main\Alisveris-Sitesi---backend-main":
2025-12-30 20:00:49,207 [Worker-25: Launching Executing test in C__Users_fatmagül_Desktop_Alisveris-Sitesi---backend-main_Alisveris-Sitesi---backend-main] INFO  o.e.m.i.launch.MavenLaunchDelegate -  mvn  -B -Dstyle.color=always test
2025-12-30 21:54:16,773 [Worker-24: Building] INFO  o.a.m.s.f.DefaultMavenResourcesFiltering - Copying 0 resource from src\main\resources to target\classes
2025-12-30 21:54:16,775 [Worker-24: Building] INFO  o.a.m.s.f.DefaultMavenResourcesFiltering - Copying 0 resource from src\main\resources to target\classes
2025-12-30 21:54:16,779 [Worker-24: Building] INFO  o.a.m.s.f.DefaultMavenResourcesFiltering - skip non existing resourceDirectory C:\Users\fatmagül\Desktop\Alisveris-Sitesi---backend-main\Alisveris-Sitesi---backend-main\src\test\resources
